图像路径,标注类别ID,标注类别名称,top-1-预测ID,top-1-预测名称,top-2-预测ID,top-2-预测名称,top-3-预测ID,top-3-预测名称,top-4-预测ID,top-4-预测名称,top-n预测正确,开花成熟-中旱-预测置信度,开花成熟-轻旱-预测置信度,开花成熟-适宜-预测置信度,开花成熟-重旱-预测置信度,抽穗开花-中旱-预测置信度,抽穗开花-轻旱-预测置信度,抽穗开花-适宜-预测置信度,抽穗开花-重旱-预测置信度,起身拔节-中旱-预测置信度,起身拔节-轻旱-预测置信度,起身拔节-适宜-预测置信度,起身拔节-重旱-预测置信度
../Image/Train_Image\test\抽穗开花-中旱\IMG_20230415_111844_1.jpg,4,抽穗开花-中旱,4.0,抽穗开花-中旱,5.0,抽穗开花-轻旱,9.0,起身拔节-轻旱,10.0,起身拔节-适宜,1.0,0.0024650036,0.026698733,0.004947078,0.0089769,0.19279508,0.19005731,0.063471116,0.054243915,0.09625776,0.13513993,0.123276174,0.095691666
../Image/Train_Image\test\抽穗开花-中旱\IMG_20230415_111845_3.jpg,4,抽穗开花-中旱,4.0,抽穗开花-中旱,5.0,抽穗开花-轻旱,9.0,起身拔节-轻旱,10.0,起身拔节-适宜,1.0,0.0066742147,0.042011615,0.0086822575,0.016817156,0.15404442,0.14133753,0.06025968,0.081130505,0.09104652,0.13985805,0.12781343,0.114509165
../Image/Train_Image\test\抽穗开花-中旱\IMG_20230415_111916_1.jpg,4,抽穗开花-中旱,4.0,抽穗开花-中旱,5.0,抽穗开花-轻旱,9.0,起身拔节-轻旱,10.0,起身拔节-适宜,1.0,0.0017371232,0.012239656,0.0058741076,0.008068708,0.33141473,0.27146736,0.030119576,0.04878452,0.07219126,0.07649541,0.07290944,0.06351794
../Image/Train_Image\test\抽穗开花-中旱\IMG_20230415_111917_1.jpg,4,抽穗开花-中旱,4.0,抽穗开花-中旱,5.0,抽穗开花-轻旱,9.0,起身拔节-轻旱,10.0,起身拔节-适宜,1.0,0.005221055,0.030649092,0.010793673,0.013719384,0.21723847,0.18187584,0.05412005,0.064242065,0.08464436,0.119108856,0.101399496,0.09334449
../Image/Train_Image\test\抽穗开花-中旱\IMG_20230415_111918_1.jpg,4,抽穗开花-中旱,4.0,抽穗开花-中旱,5.0,抽穗开花-轻旱,9.0,起身拔节-轻旱,10.0,起身拔节-适宜,1.0,0.007265467,0.036057375,0.01634954,0.019134272,0.23571329,0.17724982,0.045225494,0.08005444,0.07278207,0.1084895,0.09560579,0.08171827
../Image/Train_Image\test\抽穗开花-中旱\IMG_20230415_111919_1.jpg,4,抽穗开花-中旱,4.0,抽穗开花-中旱,9.0,起身拔节-轻旱,10.0,起身拔节-适宜,5.0,抽穗开花-轻旱,1.0,0.013866035,0.057826113,0.018591931,0.027649822,0.15836386,0.11029583,0.052295078,0.10818213,0.07386021,0.13061662,0.11598662,0.095360145
../Image/Train_Image\test\抽穗开花-中旱\IMG_20230415_111921_3.jpg,4,抽穗开花-中旱,4.0,抽穗开花-中旱,9.0,起身拔节-轻旱,5.0,抽穗开花-轻旱,10.0,起身拔节-适宜,1.0,0.014728635,0.06400929,0.021390049,0.028896041,0.16679181,0.11427271,0.051967487,0.105251126,0.071526274,0.12377491,0.10920947,0.08807002
../Image/Train_Image\test\抽穗开花-中旱\IMG_20230415_111933.jpg,4,抽穗开花-中旱,4.0,抽穗开花-中旱,5.0,抽穗开花-轻旱,9.0,起身拔节-轻旱,10.0,起身拔节-适宜,1.0,0.007134016,0.03317031,0.014289731,0.018258795,0.24124873,0.17245857,0.042950306,0.08128874,0.07464241,0.10524683,0.09494693,0.08484944
../Image/Train_Image\test\抽穗开花-中旱\IMG_20230415_111934_2.jpg,4,抽穗开花-中旱,4.0,抽穗开花-中旱,5.0,抽穗开花-轻旱,9.0,起身拔节-轻旱,10.0,起身拔节-适宜,1.0,0.004906729,0.025627967,0.010588755,0.014944099,0.2561455,0.1921545,0.041288726,0.07691807,0.07948446,0.10312849,0.09326885,0.08271109
../Image/Train_Image\test\抽穗开花-中旱\IMG_20230415_112000.jpg,4,抽穗开花-中旱,4.0,抽穗开花-中旱,5.0,抽穗开花-轻旱,9.0,起身拔节-轻旱,8.0,起身拔节-中旱,1.0,0.0017520462,0.014172477,0.0033681851,0.005629428,0.21881749,0.21330608,0.06268622,0.038740043,0.11399957,0.12295918,0.0967653,0.096285895
../Image/Train_Image\test\抽穗开花-中旱\IMG_20230415_112033.jpg,4,抽穗开花-中旱,4.0,抽穗开花-中旱,5.0,抽穗开花-轻旱,9.0,起身拔节-轻旱,10.0,起身拔节-适宜,1.0,0.0094839735,0.041722916,0.015483654,0.02093656,0.19710627,0.14871666,0.046686053,0.09019141,0.07962394,0.12558791,0.1017959,0.094397366
../Image/Train_Image\test\抽穗开花-中旱\IMG_20230415_112034.jpg,4,抽穗开花-中旱,4.0,抽穗开花-中旱,5.0,抽穗开花-轻旱,9.0,起身拔节-轻旱,10.0,起身拔节-适宜,1.0,0.0046937377,0.026685044,0.009749623,0.014721514,0.2510728,0.19192804,0.042056985,0.073339514,0.08208773,0.10982752,0.09265459,0.08755837
../Image/Train_Image\test\抽穗开花-轻旱\IMG_20230413_115227_1.jpg,5,抽穗开花-轻旱,4.0,抽穗开花-中旱,5.0,抽穗开花-轻旱,10.0,起身拔节-适宜,9.0,起身拔节-轻旱,1.0,0.0010651642,0.014950458,0.0026106397,0.005847697,0.25901383,0.2398744,0.04965487,0.05293568,0.08481069,0.10911032,0.10937827,0.069761574
../Image/Train_Image\test\抽穗开花-轻旱\IMG_20230413_115355_1.jpg,5,抽穗开花-轻旱,4.0,抽穗开花-中旱,5.0,抽穗开花-轻旱,9.0,起身拔节-轻旱,10.0,起身拔节-适宜,1.0,0.0013516776,0.014857071,0.0034404509,0.0069145816,0.25794685,0.2390207,0.048737325,0.046639748,0.0860025,0.11008335,0.10691574,0.07567606
../Image/Train_Image\test\抽穗开花-轻旱\IMG_20230413_115356_2.jpg,5,抽穗开花-轻旱,4.0,抽穗开花-中旱,5.0,抽穗开花-轻旱,9.0,起身拔节-轻旱,10.0,起身拔节-适宜,1.0,0.0015896996,0.015529854,0.0043502143,0.008974782,0.28590906,0.2381769,0.039773565,0.058576867,0.07287549,0.10440983,0.10120326,0.06714565
../Image/Train_Image\test\抽穗开花-轻旱\IMG_20230413_115357_horizontal.jpg,5,抽穗开花-轻旱,4.0,抽穗开花-中旱,5.0,抽穗开花-轻旱,10.0,起身拔节-适宜,7.0,抽穗开花-重旱,1.0,0.0017501956,0.01819721,0.0053575523,0.010440445,0.2920673,0.26361835,0.028607626,0.08411313,0.06140862,0.08199854,0.096876964,0.053997032
../Image/Train_Image\test\抽穗开花-轻旱\IMG_20230413_115358_horizontal.jpg,5,抽穗开花-轻旱,5.0,抽穗开花-轻旱,4.0,抽穗开花-中旱,10.0,起身拔节-适宜,9.0,起身拔节-轻旱,1.0,0.0009962086,0.014594733,0.0031230692,0.0063490067,0.28515628,0.28734648,0.033352472,0.05907181,0.070359685,0.08000842,0.101191446,0.05747302
../Image/Train_Image\test\抽穗开花-轻旱\IMG_20230413_115402_1.jpg,5,抽穗开花-轻旱,5.0,抽穗开花-轻旱,4.0,抽穗开花-中旱,9.0,起身拔节-轻旱,10.0,起身拔节-适宜,1.0,0.0017877539,0.021139884,0.0036247552,0.006777772,0.19125399,0.19540666,0.076082975,0.041857753,0.100343846,0.1374252,0.12258934,0.09442133
../Image/Train_Image\test\抽穗开花-轻旱\IMG_20230413_115403_horizontal.jpg,5,抽穗开花-轻旱,5.0,抽穗开花-轻旱,4.0,抽穗开花-中旱,9.0,起身拔节-轻旱,10.0,起身拔节-适宜,1.0,0.0017691675,0.02039716,0.003713538,0.00651879,0.18950373,0.20384619,0.07240644,0.043874156,0.105196945,0.12690166,0.11906719,0.09930577
../Image/Train_Image\test\抽穗开花-轻旱\IMG_20230413_115517_horizontal.jpg,5,抽穗开花-轻旱,8.0,起身拔节-中旱,11.0,起身拔节-重旱,9.0,起身拔节-轻旱,6.0,抽穗开花-适宜,0.0,0.00090392487,0.010936033,0.0010500356,0.0024529106,0.07903159,0.12859192,0.1520378,0.01795192,0.16432545,0.1549583,0.12200724,0.1568344
../Image/Train_Image\test\抽穗开花-轻旱\IMG_20230413_115518_horizontal.jpg,5,抽穗开花-轻旱,8.0,起身拔节-中旱,9.0,起身拔节-轻旱,11.0,起身拔节-重旱,6.0,抽穗开花-适宜,0.0,0.0008782366,0.011452421,0.001048664,0.0024857505,0.080632314,0.13220312,0.14651692,0.018549472,0.15845367,0.15811525,0.12484076,0.15731837
../Image/Train_Image\test\抽穗开花-轻旱\IMG_20230413_115524_horizontal.jpg,5,抽穗开花-轻旱,8.0,起身拔节-中旱,5.0,抽穗开花-轻旱,9.0,起身拔节-轻旱,6.0,抽穗开花-适宜,1.0,0.00044621376,0.0072184238,0.0006418851,0.0016124292,0.097808994,0.16107364,0.14373304,0.014775937,0.16881435,0.14678277,0.1140631,0.13920884
../Image/Train_Image\test\抽穗开花-轻旱\IMG_20230413_115526_1.jpg,5,抽穗开花-轻旱,5.0,抽穗开花-轻旱,8.0,起身拔节-中旱,9.0,起身拔节-轻旱,6.0,抽穗开花-适宜,1.0,0.00039473118,0.008173023,0.00068171305,0.0016470229,0.109520465,0.20150045,0.13016523,0.016894901,0.15918183,0.13466148,0.108086795,0.12604755
../Image/Train_Image\test\抽穗开花-轻旱\IMG_20230413_115526_4.jpg,5,抽穗开花-轻旱,5.0,抽穗开花-轻旱,8.0,起身拔节-中旱,9.0,起身拔节-轻旱,6.0,抽穗开花-适宜,1.0,0.0004414222,0.00835797,0.0007048413,0.00175125,0.104873225,0.19014262,0.13580136,0.016684404,0.1628153,0.13590476,0.11092814,0.12794885
../Image/Train_Image\test\抽穗开花-轻旱\IMG_20230413_115529_1.jpg,5,抽穗开花-轻旱,9.0,起身拔节-轻旱,11.0,起身拔节-重旱,8.0,起身拔节-中旱,6.0,抽穗开花-适宜,0.0,0.004968932,0.025548909,0.0034745196,0.0066436417,0.06829563,0.075088695,0.12740481,0.033828475,0.14041686,0.17297597,0.12730807,0.14685152
../Image/Train_Image\test\抽穗开花-轻旱\IMG_20230413_115530_2.jpg,5,抽穗开花-轻旱,8.0,起身拔节-中旱,6.0,抽穗开花-适宜,9.0,起身拔节-轻旱,11.0,起身拔节-重旱,0.0,0.0014534576,0.013094762,0.0013154917,0.0025881333,0.07525074,0.10572558,0.15987717,0.019976128,0.17018948,0.15957405,0.111937046,0.15464662
../Image/Train_Image\test\抽穗开花-轻旱\IMG_20230413_115531_horizontal.jpg,5,抽穗开花-轻旱,8.0,起身拔节-中旱,11.0,起身拔节-重旱,9.0,起身拔节-轻旱,6.0,抽穗开花-适宜,0.0,0.0011369567,0.011366511,0.0011877905,0.0025533705,0.06872891,0.099515446,0.15075171,0.018838016,0.17682895,0.16472843,0.12117642,0.16822332
../Image/Train_Image\test\抽穗开花-轻旱\IMG_20230413_115533_1.jpg,5,抽穗开花-轻旱,8.0,起身拔节-中旱,5.0,抽穗开花-轻旱,9.0,起身拔节-轻旱,6.0,抽穗开花-适宜,1.0,0.0006608205,0.008792365,0.00086549326,0.0021941904,0.0982805,0.16126847,0.14035322,0.01838073,0.17245407,0.14168529,0.111570396,0.13692893
../Image/Train_Image\test\抽穗开花-轻旱\IMG_20230413_115533_4.jpg,5,抽穗开花-轻旱,8.0,起身拔节-中旱,5.0,抽穗开花-轻旱,6.0,抽穗开花-适宜,9.0,起身拔节-轻旱,1.0,0.00062026066,0.008335387,0.0008348736,0.0021952223,0.10052411,0.16927464,0.14101943,0.017800016,0.17291826,0.1379957,0.10947103,0.13229269
../Image/Train_Image\test\抽穗开花-轻旱\IMG_20230413_115534_horizontal.jpg,5,抽穗开花-轻旱,6.0,抽穗开花-适宜,8.0,起身拔节-中旱,9.0,起身拔节-轻旱,11.0,起身拔节-重旱,0.0,0.0017487603,0.017262049,0.0010391194,0.0027948937,0.03807856,0.056277618,0.19297387,0.016092386,0.17692561,0.17196433,0.13700284,0.16955404
../Image/Train_Image\test\抽穗开花-轻旱\IMG_20230413_115540_horizontal.jpg,5,抽穗开花-轻旱,11.0,起身拔节-重旱,8.0,起身拔节-中旱,9.0,起身拔节-轻旱,6.0,抽穗开花-适宜,0.0,0.0016650088,0.014101789,0.0016183185,0.003430878,0.06632632,0.095286,0.13770604,0.022134002,0.1701825,0.16302142,0.124236435,0.17490213
../Image/Train_Image\test\抽穗开花-轻旱\IMG_20230413_115544_2.jpg,5,抽穗开花-轻旱,8.0,起身拔节-中旱,6.0,抽穗开花-适宜,11.0,起身拔节-重旱,9.0,起身拔节-轻旱,0.0,0.0006340048,0.008895565,0.0007062135,0.0017488864,0.072502956,0.1266389,0.16566078,0.0145724425,0.18106294,0.14794311,0.11712062,0.15531136
../Image/Train_Image\test\抽穗开花-轻旱\IMG_20230413_115545_horizontal.jpg,5,抽穗开花-轻旱,8.0,起身拔节-中旱,11.0,起身拔节-重旱,9.0,起身拔节-轻旱,6.0,抽穗开花-适宜,0.0,0.00064479205,0.008358092,0.0008104916,0.001831945,0.07076759,0.12774698,0.14259227,0.01576223,0.17960283,0.15039618,0.119754285,0.17306796
../Image/Train_Image\test\抽穗开花-轻旱\IMG_20230413_115558_horizontal.jpg,5,抽穗开花-轻旱,5.0,抽穗开花-轻旱,4.0,抽穗开花-中旱,8.0,起身拔节-中旱,9.0,起身拔节-轻旱,1.0,0.0010202865,0.012316662,0.0020123788,0.0032528148,0.14939876,0.20365158,0.092150554,0.029878471,0.14189391,0.12856008,0.10879196,0.115282826
../Image/Train_Image\test\抽穗开花-轻旱\IMG_20230413_115600_1.jpg,5,抽穗开花-轻旱,9.0,起身拔节-轻旱,8.0,起身拔节-中旱,11.0,起身拔节-重旱,5.0,抽穗开花-轻旱,1.0,0.0015520661,0.015523007,0.0023107915,0.004401204,0.11430889,0.13250884,0.12453814,0.02443513,0.1454512,0.15655032,0.11920878,0.14393567
../Image/Train_Image\test\抽穗开花-轻旱\IMG_20230413_115601_2.jpg,5,抽穗开花-轻旱,9.0,起身拔节-轻旱,8.0,起身拔节-中旱,11.0,起身拔节-重旱,5.0,抽穗开花-轻旱,1.0,0.001591088,0.014192354,0.002282722,0.004354877,0.11860334,0.13599898,0.12210265,0.024570541,0.14378718,0.15745224,0.11779286,0.14204101
../Image/Train_Image\test\抽穗开花-轻旱\IMG_20230413_115602_horizontal.jpg,5,抽穗开花-轻旱,5.0,抽穗开花-轻旱,8.0,起身拔节-中旱,9.0,起身拔节-轻旱,11.0,起身拔节-重旱,1.0,0.001241415,0.01257624,0.0017498755,0.0031478882,0.123250335,0.1567965,0.106405504,0.029848168,0.15547693,0.15026876,0.10893881,0.1369492
../Image/Train_Image\test\抽穗开花-轻旱\IMG_20230413_115603_horizontal.jpg,5,抽穗开花-轻旱,5.0,抽穗开花-轻旱,4.0,抽穗开花-中旱,9.0,起身拔节-轻旱,8.0,起身拔节-中旱,1.0,0.0011500261,0.010255995,0.002006208,0.0038767247,0.16303359,0.22075385,0.07986167,0.032362334,0.13447955,0.1396013,0.09807399,0.102961175
../Image/Train_Image\test\抽穗开花-轻旱\IMG_20230413_115604_horizontal.jpg,5,抽穗开花-轻旱,5.0,抽穗开花-轻旱,4.0,抽穗开花-中旱,9.0,起身拔节-轻旱,8.0,起身拔节-中旱,1.0,0.0009137754,0.012103866,0.0017177201,0.0034129664,0.14713936,0.20251139,0.092379585,0.027798923,0.12908094,0.1334398,0.11611254,0.1246591
../Image/Train_Image\test\抽穗开花-轻旱\IMG_20230413_115605_horizontal.jpg,5,抽穗开花-轻旱,5.0,抽穗开花-轻旱,9.0,起身拔节-轻旱,4.0,抽穗开花-中旱,8.0,起身拔节-中旱,1.0,0.0017524061,0.019467281,0.0027178256,0.005110692,0.1464205,0.17466642,0.089893855,0.034303285,0.12479109,0.14678134,0.11706458,0.1222216
../Image/Train_Image\test\抽穗开花-轻旱\IMG_20230413_115606_3.jpg,5,抽穗开花-轻旱,5.0,抽穗开花-轻旱,9.0,起身拔节-轻旱,4.0,抽穗开花-中旱,11.0,起身拔节-重旱,1.0,0.001386427,0.013545675,0.0021591536,0.0043444135,0.14145648,0.16759792,0.10562328,0.025058938,0.12981544,0.14798027,0.11914409,0.1309924
../Image/Train_Image\test\抽穗开花-轻旱\IMG_20230413_115658_horizontal.jpg,5,抽穗开花-轻旱,5.0,抽穗开花-轻旱,8.0,起身拔节-中旱,9.0,起身拔节-轻旱,11.0,起身拔节-重旱,1.0,0.0004132448,0.006302145,0.0006018318,0.0015411179,0.10458964,0.18831271,0.12047968,0.017522726,0.1643961,0.14673351,0.11526814,0.13071486
../Image/Train_Image\test\抽穗开花-轻旱\IMG_20230413_115659_horizontal.jpg,5,抽穗开花-轻旱,5.0,抽穗开花-轻旱,8.0,起身拔节-中旱,9.0,起身拔节-轻旱,11.0,起身拔节-重旱,1.0,0.0004387806,0.0063142995,0.00066588476,0.0016877197,0.10634833,0.19303513,0.119201414,0.017350197,0.16544697,0.14626886,0.11041426,0.12885231
../Image/Train_Image\test\抽穗开花-轻旱\IMG_20230413_115701_1.jpg,5,抽穗开花-轻旱,9.0,起身拔节-轻旱,8.0,起身拔节-中旱,11.0,起身拔节-重旱,5.0,抽穗开花-轻旱,1.0,0.0010340636,0.010935616,0.0012265489,0.0026020443,0.09257313,0.1398163,0.13251258,0.020206017,0.1614353,0.1710972,0.11303358,0.14233403
../Image/Train_Image\test\抽穗开花-轻旱\IMG_20230413_115701_horizontal.jpg,5,抽穗开花-轻旱,8.0,起身拔节-中旱,9.0,起身拔节-轻旱,11.0,起身拔节-重旱,5.0,抽穗开花-轻旱,1.0,0.00083746057,0.010125883,0.0011746734,0.002408688,0.090009905,0.14128563,0.11630477,0.021709347,0.168861,0.16498962,0.11321212,0.16076437
../Image/Train_Image\test\抽穗开花-轻旱\IMG_20230413_115702_horizontal.jpg,5,抽穗开花-轻旱,5.0,抽穗开花-轻旱,8.0,起身拔节-中旱,9.0,起身拔节-轻旱,11.0,起身拔节-重旱,1.0,0.000555994,0.0072828103,0.0009095277,0.0021266802,0.124685556,0.20164175,0.100162625,0.021808235,0.15171069,0.14512911,0.10889184,0.13092366
../Image/Train_Image\test\抽穗开花-轻旱\IMG_20230413_115703_3.jpg,5,抽穗开花-轻旱,8.0,起身拔节-中旱,5.0,抽穗开花-轻旱,9.0,起身拔节-轻旱,6.0,抽穗开花-适宜,1.0,0.00047858944,0.0072487528,0.0006999579,0.0015907101,0.09014325,0.15666334,0.14077203,0.015272019,0.18124716,0.14829376,0.11266844,0.13943058
../Image/Train_Image\test\抽穗开花-轻旱\IMG_20230413_115704_horizontal.jpg,5,抽穗开花-轻旱,8.0,起身拔节-中旱,9.0,起身拔节-轻旱,5.0,抽穗开花-轻旱,11.0,起身拔节-重旱,1.0,0.00055007037,0.00798443,0.0007352747,0.0017971753,0.091235936,0.15304811,0.13733898,0.016796298,0.16503452,0.15718459,0.1157203,0.14722411
../Image/Train_Image\test\抽穗开花-轻旱\IMG_20230413_115705_3.jpg,5,抽穗开花-轻旱,8.0,起身拔节-中旱,9.0,起身拔节-轻旱,5.0,抽穗开花-轻旱,11.0,起身拔节-重旱,1.0,0.0007871183,0.009057879,0.0010426951,0.0022221538,0.09722357,0.15075698,0.13111566,0.018392453,0.172139,0.15685278,0.11486763,0.13619474
../Image/Train_Image\test\抽穗开花-轻旱\IMG_20230413_115710_horizontal.jpg,5,抽穗开花-轻旱,5.0,抽穗开花-轻旱,8.0,起身拔节-中旱,9.0,起身拔节-轻旱,11.0,起身拔节-重旱,1.0,0.0005654273,0.0077798218,0.0008240935,0.0019125132,0.09541523,0.16586003,0.12135205,0.01914504,0.16330092,0.1567291,0.11596179,0.14594625
../Image/Train_Image\test\抽穗开花-轻旱\IMG_20230413_115711_3.jpg,5,抽穗开花-轻旱,5.0,抽穗开花-轻旱,8.0,起身拔节-中旱,9.0,起身拔节-轻旱,11.0,起身拔节-重旱,1.0,0.00053470035,0.0075800773,0.0007789915,0.0018334545,0.102775805,0.17204207,0.12872043,0.016870523,0.17159835,0.14822018,0.11084654,0.13225904
../Image/Train_Image\test\抽穗开花-轻旱\IMG_20230413_115713_1.jpg,5,抽穗开花-轻旱,8.0,起身拔节-中旱,9.0,起身拔节-轻旱,11.0,起身拔节-重旱,6.0,抽穗开花-适宜,0.0,0.0008397427,0.009134396,0.0009672728,0.0020842196,0.0845124,0.13135855,0.1442935,0.017874595,0.17503427,0.1625811,0.11501744,0.14666647
../Image/Train_Image\test\抽穗开花-轻旱\IMG_20230413_115713_4.jpg,5,抽穗开花-轻旱,9.0,起身拔节-轻旱,8.0,起身拔节-中旱,6.0,抽穗开花-适宜,11.0,起身拔节-重旱,0.0,0.002122521,0.017107822,0.0019239354,0.0039956523,0.067945525,0.08786546,0.16019025,0.02302649,0.1623395,0.1628439,0.13128737,0.15376695
../Image/Train_Image\test\抽穗开花-轻旱\IMG_20230413_115714_horizontal.jpg,5,抽穗开花-轻旱,8.0,起身拔节-中旱,11.0,起身拔节-重旱,9.0,起身拔节-轻旱,6.0,抽穗开花-适宜,0.0,0.0018969324,0.016205218,0.0016861715,0.0036142715,0.065950654,0.085411504,0.14005128,0.025891827,0.17084053,0.1668227,0.13007873,0.16701053
../Image/Train_Image\test\抽穗开花-适宜\IMG_20230413_120425_horizontal_horizontal.jpg,6,抽穗开花-适宜,6.0,抽穗开花-适宜,9.0,起身拔节-轻旱,11.0,起身拔节-重旱,8.0,起身拔节-中旱,1.0,0.0013820156,0.021832043,0.0012057172,0.0026551508,0.044337507,0.07132394,0.20630531,0.017753962,0.157988,0.1724135,0.12866426,0.16094601
../Image/Train_Image\test\抽穗开花-适宜\IMG_20230413_120426_move.jpg,6,抽穗开花-适宜,6.0,抽穗开花-适宜,9.0,起身拔节-轻旱,11.0,起身拔节-重旱,8.0,起身拔节-中旱,1.0,0.0014304924,0.02162438,0.0013057808,0.002770588,0.048595298,0.074380554,0.20632398,0.018298617,0.15710993,0.16942623,0.12624148,0.15727302
../Image/Train_Image\test\抽穗开花-适宜\IMG_20230413_120427_2.jpg,6,抽穗开花-适宜,6.0,抽穗开花-适宜,9.0,起身拔节-轻旱,8.0,起身拔节-中旱,11.0,起身拔节-重旱,1.0,0.0011308983,0.018784143,0.0011223163,0.0022826348,0.048446123,0.07575506,0.2148768,0.015696071,0.16031781,0.17078735,0.120825104,0.15717006
../Image/Train_Image\test\抽穗开花-适宜\IMG_20230413_120427_3_horizontal.jpg,6,抽穗开花-适宜,6.0,抽穗开花-适宜,9.0,起身拔节-轻旱,11.0,起身拔节-重旱,8.0,起身拔节-中旱,1.0,0.0009784637,0.019219214,0.0009845404,0.002028307,0.04697157,0.07461856,0.22079988,0.013524154,0.15676853,0.1664147,0.12794563,0.15983628
../Image/Train_Image\test\抽穗开花-适宜\IMG_20230413_120428_1.jpg,6,抽穗开花-适宜,6.0,抽穗开花-适宜,9.0,起身拔节-轻旱,8.0,起身拔节-中旱,11.0,起身拔节-重旱,1.0,0.0011601265,0.019807545,0.0012726213,0.0025540134,0.057915784,0.09108435,0.20205595,0.017419143,0.15100637,0.16311884,0.13012312,0.1497044
../Image/Train_Image\test\抽穗开花-适宜\IMG_20230413_120429_2_horizontal.jpg,6,抽穗开花-适宜,6.0,抽穗开花-适宜,9.0,起身拔节-轻旱,8.0,起身拔节-中旱,11.0,起身拔节-重旱,1.0,0.00088313816,0.016505748,0.0009756947,0.002015307,0.051430702,0.081813395,0.21801889,0.013757021,0.15938362,0.1707038,0.12412145,0.15077177
../Image/Train_Image\test\抽穗开花-适宜\IMG_20230413_120431_horizontal.jpg,6,抽穗开花-适宜,6.0,抽穗开花-适宜,9.0,起身拔节-轻旱,8.0,起身拔节-中旱,11.0,起身拔节-重旱,1.0,0.0008672599,0.0147183975,0.0010573054,0.0021950153,0.059522633,0.09676876,0.19255579,0.015726268,0.16454062,0.1729973,0.1213118,0.14742899
../Image/Train_Image\test\抽穗开花-适宜\IMG_20230413_120505.jpg,6,抽穗开花-适宜,6.0,抽穗开花-适宜,8.0,起身拔节-中旱,9.0,起身拔节-轻旱,11.0,起身拔节-重旱,1.0,0.000556325,0.01088568,0.0005750213,0.0013258045,0.05259267,0.08453955,0.21858886,0.011535472,0.17215684,0.163688,0.12704453,0.15016274
../Image/Train_Image\test\抽穗开花-适宜\IMG_20230413_120506_move.jpg,6,抽穗开花-适宜,6.0,抽穗开花-适宜,8.0,起身拔节-中旱,9.0,起身拔节-轻旱,11.0,起身拔节-重旱,1.0,0.00087557395,0.01329773,0.0009036528,0.0020258157,0.05504014,0.08723373,0.19937952,0.01554035,0.17300105,0.16769245,0.12340939,0.15266198
../Image/Train_Image\test\抽穗开花-适宜\IMG_20230413_120507_horizontal.jpg,6,抽穗开花-适宜,6.0,抽穗开花-适宜,8.0,起身拔节-中旱,9.0,起身拔节-轻旱,11.0,起身拔节-重旱,1.0,0.0010461253,0.014398464,0.00088914536,0.002040617,0.045609113,0.077126555,0.21166228,0.015411076,0.17415282,0.16504425,0.12853476,0.1531991
../Image/Train_Image\test\抽穗开花-适宜\IMG_20230413_120508_1_horizontal.jpg,6,抽穗开花-适宜,6.0,抽穗开花-适宜,9.0,起身拔节-轻旱,8.0,起身拔节-中旱,11.0,起身拔节-重旱,1.0,0.0009799529,0.013979431,0.0008859855,0.0021131514,0.048644494,0.0765551,0.2080765,0.016336303,0.16523433,0.16981673,0.13315055,0.15444528
../Image/Train_Image\test\抽穗开花-适宜\IMG_20230413_120508_horizontal.jpg,6,抽穗开花-适宜,6.0,抽穗开花-适宜,9.0,起身拔节-轻旱,8.0,起身拔节-中旱,11.0,起身拔节-重旱,1.0,0.0010833854,0.015509008,0.0009225041,0.0021479814,0.044263057,0.06980212,0.21090119,0.015809692,0.1624464,0.17222235,0.13331075,0.16125019
../Image/Train_Image\test\抽穗开花-适宜\IMG_20230413_120509_1_move.jpg,6,抽穗开花-适宜,6.0,抽穗开花-适宜,8.0,起身拔节-中旱,9.0,起身拔节-轻旱,11.0,起身拔节-重旱,1.0,0.0011269499,0.015146211,0.0009158202,0.0022112806,0.046329614,0.073270515,0.21320954,0.015833057,0.17367569,0.16531304,0.12911442,0.15049884
../Image/Train_Image\test\抽穗开花-适宜\IMG_20230413_120510_1_horizontal.jpg,6,抽穗开花-适宜,6.0,抽穗开花-适宜,8.0,起身拔节-中旱,9.0,起身拔节-轻旱,11.0,起身拔节-重旱,1.0,0.00096833776,0.012654444,0.0008708767,0.0020082227,0.047439374,0.07985672,0.2195929,0.015181358,0.17286748,0.16022642,0.123244025,0.15386651
../Image/Train_Image\test\抽穗开花-适宜\IMG_20230413_120510_3.jpg,6,抽穗开花-适宜,6.0,抽穗开花-适宜,8.0,起身拔节-中旱,9.0,起身拔节-轻旱,11.0,起身拔节-重旱,1.0,0.0010667195,0.013472992,0.00094208133,0.0022657793,0.05329546,0.08829129,0.20440176,0.017386546,0.17262723,0.1575796,0.12588072,0.14962684
../Image/Train_Image\test\抽穗开花-适宜\IMG_20230413_120510_4_horizontal.jpg,6,抽穗开花-适宜,6.0,抽穗开花-适宜,8.0,起身拔节-中旱,9.0,起身拔节-轻旱,11.0,起身拔节-重旱,1.0,0.0008351966,0.013112349,0.00079662004,0.0019495807,0.055348307,0.088781424,0.22014074,0.01555843,0.16587265,0.16277084,0.12519614,0.14139591
../Image/Train_Image\test\抽穗开花-适宜\IMG_20230413_120511_1.jpg,6,抽穗开花-适宜,6.0,抽穗开花-适宜,8.0,起身拔节-中旱,9.0,起身拔节-轻旱,11.0,起身拔节-重旱,1.0,0.0007864936,0.013238177,0.00077934633,0.00187867,0.053615443,0.082069606,0.21814547,0.015305318,0.16480702,0.15935545,0.13157393,0.15075189
../Image/Train_Image\test\抽穗开花-适宜\IMG_20230413_120512.jpg,6,抽穗开花-适宜,6.0,抽穗开花-适宜,8.0,起身拔节-中旱,9.0,起身拔节-轻旱,11.0,起身拔节-重旱,1.0,0.00084207614,0.012774894,0.0008500812,0.001930199,0.057545517,0.09589553,0.19963218,0.014898795,0.17216429,0.16278018,0.12157224,0.14990981
../Image/Train_Image\test\抽穗开花-适宜\IMG_20230413_120512_move.jpg,6,抽穗开花-适宜,6.0,抽穗开花-适宜,8.0,起身拔节-中旱,9.0,起身拔节-轻旱,11.0,起身拔节-重旱,1.0,0.0008510924,0.012814655,0.0008714479,0.0019395368,0.05780156,0.09401466,0.20041506,0.015016127,0.17290291,0.16241069,0.122707605,0.14900886
../Image/Train_Image\test\抽穗开花-适宜\IMG_20230413_120520_2.jpg,6,抽穗开花-适宜,6.0,抽穗开花-适宜,9.0,起身拔节-轻旱,8.0,起身拔节-中旱,11.0,起身拔节-重旱,1.0,0.0009228518,0.014596526,0.0008235055,0.0019455279,0.04662795,0.07645827,0.19513059,0.01560604,0.16884327,0.1780297,0.130742,0.16342236
../Image/Train_Image\test\抽穗开花-适宜\IMG_20230413_120521.jpg,6,抽穗开花-适宜,6.0,抽穗开花-适宜,9.0,起身拔节-轻旱,8.0,起身拔节-中旱,11.0,起身拔节-重旱,1.0,0.0011773218,0.019188024,0.0010620004,0.0024458328,0.04728587,0.07666139,0.19778088,0.016757367,0.1605145,0.17799015,0.13463017,0.15520862
../Image/Train_Image\test\抽穗开花-适宜\IMG_20230413_120521_move.jpg,6,抽穗开花-适宜,6.0,抽穗开花-适宜,9.0,起身拔节-轻旱,8.0,起身拔节-中旱,11.0,起身拔节-重旱,1.0,0.0011767128,0.01892362,0.0010601879,0.0024101937,0.047503937,0.07681937,0.19727293,0.01684702,0.16254906,0.17557183,0.13575876,0.15497985
../Image/Train_Image\test\抽穗开花-适宜\IMG_20230413_120522_horizontal.jpg,6,抽穗开花-适宜,6.0,抽穗开花-适宜,9.0,起身拔节-轻旱,8.0,起身拔节-中旱,11.0,起身拔节-重旱,1.0,0.0007420395,0.0134031195,0.0006933833,0.0017688788,0.04889656,0.08035935,0.21134326,0.013804047,0.16635749,0.17274505,0.1260433,0.15760884
../Image/Train_Image\test\抽穗开花-适宜\IMG_20230413_120523_1_horizontal.jpg,6,抽穗开花-适宜,6.0,抽穗开花-适宜,9.0,起身拔节-轻旱,11.0,起身拔节-重旱,8.0,起身拔节-中旱,1.0,0.00094147364,0.01786333,0.00080407946,0.0018451213,0.040744297,0.06368264,0.22177117,0.014607696,0.15445948,0.17576367,0.13962118,0.1619274
../Image/Train_Image\test\抽穗开花-适宜\IMG_20230413_120523_horizontal.jpg,6,抽穗开花-适宜,6.0,抽穗开花-适宜,9.0,起身拔节-轻旱,8.0,起身拔节-中旱,11.0,起身拔节-重旱,1.0,0.0006123352,0.01245885,0.00047642415,0.0012526131,0.03583482,0.0610875,0.21874169,0.010856018,0.17525154,0.18130311,0.12647875,0.17196023
../Image/Train_Image\test\抽穗开花-适宜\IMG_20230413_120524_1_move.jpg,6,抽穗开花-适宜,6.0,抽穗开花-适宜,9.0,起身拔节-轻旱,8.0,起身拔节-中旱,11.0,起身拔节-重旱,1.0,0.0009184546,0.015242053,0.0007840626,0.0018879824,0.047429934,0.07522006,0.20842062,0.015615186,0.16639781,0.17812273,0.13406691,0.15026441
../Image/Train_Image\test\抽穗开花-适宜\IMG_20230413_120524_3_horizontal.jpg,6,抽穗开花-适宜,6.0,抽穗开花-适宜,9.0,起身拔节-轻旱,11.0,起身拔节-重旱,8.0,起身拔节-中旱,1.0,0.0008974855,0.0154098235,0.0008284698,0.0019393342,0.048328597,0.07906377,0.204606,0.01558345,0.15770775,0.1738505,0.136398,0.15829192
../Image/Train_Image\test\抽穗开花-适宜\IMG_20230413_120525_2.jpg,6,抽穗开花-适宜,6.0,抽穗开花-适宜,9.0,起身拔节-轻旱,8.0,起身拔节-中旱,11.0,起身拔节-重旱,1.0,0.0008869031,0.017344205,0.00084434805,0.002036188,0.048714105,0.07736902,0.21385509,0.015623063,0.16072613,0.16920218,0.13392963,0.1528253
../Image/Train_Image\test\抽穗开花-适宜\IMG_20230413_120526_1_horizontal.jpg,6,抽穗开花-适宜,6.0,抽穗开花-适宜,8.0,起身拔节-中旱,9.0,起身拔节-轻旱,11.0,起身拔节-重旱,1.0,0.0006587463,0.012795573,0.00065864704,0.0015688404,0.0482311,0.08295549,0.20984127,0.012851492,0.16982771,0.16667132,0.12815198,0.15985121
../Image/Train_Image\test\抽穗开花-适宜\IMG_20230413_120526_3.jpg,6,抽穗开花-适宜,6.0,抽穗开花-适宜,8.0,起身拔节-中旱,9.0,起身拔节-轻旱,11.0,起身拔节-重旱,1.0,0.00059814,0.011773117,0.000574121,0.0013653844,0.044701274,0.07581901,0.22840595,0.012044852,0.16972509,0.16741051,0.12407385,0.15814552
../Image/Train_Image\test\抽穗开花-适宜\IMG_20230413_120526_move.jpg,6,抽穗开花-适宜,6.0,抽穗开花-适宜,9.0,起身拔节-轻旱,8.0,起身拔节-中旱,11.0,起身拔节-重旱,1.0,0.0008695286,0.017103845,0.0008508003,0.0020030213,0.04937654,0.078555785,0.21135311,0.015873963,0.16027945,0.17244694,0.13165607,0.15315194
../Image/Train_Image\test\抽穗开花-适宜\IMG_20230413_120527_2.jpg,6,抽穗开花-适宜,6.0,抽穗开花-适宜,8.0,起身拔节-中旱,9.0,起身拔节-轻旱,11.0,起身拔节-重旱,1.0,0.0006520383,0.01357385,0.000626201,0.0015316005,0.045631837,0.0747225,0.24034104,0.012585604,0.16409323,0.16230929,0.1282336,0.15075397
../Image/Train_Image\test\抽穗开花-适宜\IMG_20230413_120528_move.jpg,6,抽穗开花-适宜,6.0,抽穗开花-适宜,8.0,起身拔节-中旱,9.0,起身拔节-轻旱,11.0,起身拔节-重旱,1.0,0.00071195903,0.013951246,0.0006715438,0.0016278917,0.04536716,0.07584937,0.23354204,0.013505282,0.16723926,0.16278817,0.12642725,0.1526827
../Image/Train_Image\test\抽穗开花-适宜\IMG_20230413_120529_2_horizontal.jpg,6,抽穗开花-适宜,6.0,抽穗开花-适宜,9.0,起身拔节-轻旱,8.0,起身拔节-中旱,11.0,起身拔节-重旱,1.0,0.0008249778,0.014559774,0.00072201376,0.001713801,0.043571707,0.07315555,0.21475688,0.014136115,0.16907626,0.17283061,0.12939219,0.1590122
../Image/Train_Image\test\抽穗开花-适宜\IMG_20230413_120529_4_horizontal.jpg,6,抽穗开花-适宜,6.0,抽穗开花-适宜,9.0,起身拔节-轻旱,11.0,起身拔节-重旱,8.0,起身拔节-中旱,1.0,0.0010101954,0.018232865,0.00090474205,0.0020910585,0.045777183,0.074825786,0.2088865,0.016389975,0.15385722,0.17311801,0.14149328,0.15661983
../Image/Train_Image\test\抽穗开花-适宜\IMG_20230413_120530_1.jpg,6,抽穗开花-适宜,6.0,抽穗开花-适宜,9.0,起身拔节-轻旱,8.0,起身拔节-中旱,11.0,起身拔节-重旱,1.0,0.00082968356,0.016054474,0.0008593136,0.0020471364,0.049365338,0.08482742,0.19968039,0.01646449,0.16653779,0.16820197,0.13389783,0.15496096
../Image/Train_Image\test\抽穗开花-适宜\IMG_20230413_120530_move.jpg,6,抽穗开花-适宜,6.0,抽穗开花-适宜,9.0,起身拔节-轻旱,8.0,起身拔节-中旱,11.0,起身拔节-重旱,1.0,0.000847943,0.01587694,0.0008560275,0.0020213185,0.04919983,0.0849844,0.20027207,0.016338795,0.16653647,0.16763593,0.1331965,0.15616077
../Image/Train_Image\test\抽穗开花-适宜\IMG_20230413_120548_1_move.jpg,6,抽穗开花-适宜,6.0,抽穗开花-适宜,8.0,起身拔节-中旱,11.0,起身拔节-重旱,9.0,起身拔节-轻旱,1.0,0.00040199872,0.008017846,0.000367636,0.0009399687,0.04129182,0.076953195,0.23615098,0.0089543555,0.19517855,0.15218334,0.11246912,0.16262414
../Image/Train_Image\test\抽穗开花-适宜\IMG_20230413_120548_move.jpg,6,抽穗开花-适宜,6.0,抽穗开花-适宜,8.0,起身拔节-中旱,11.0,起身拔节-重旱,9.0,起身拔节-轻旱,1.0,0.00046982756,0.009024742,0.0004005948,0.001031775,0.04025996,0.072880864,0.2381436,0.009539726,0.1936561,0.15387602,0.11300029,0.16248767
../Image/Train_Image\test\抽穗开花-适宜\IMG_20230413_120549_2_horizontal.jpg,6,抽穗开花-适宜,6.0,抽穗开花-适宜,8.0,起身拔节-中旱,9.0,起身拔节-轻旱,11.0,起身拔节-重旱,1.0,0.0004197607,0.008370679,0.0004191127,0.0010010091,0.045857474,0.082554966,0.23059127,0.009459942,0.18607612,0.1609854,0.11214985,0.15748507
../Image/Train_Image\test\抽穗开花-适宜\IMG_20230413_120551_1_horizontal.jpg,6,抽穗开花-适宜,6.0,抽穗开花-适宜,8.0,起身拔节-中旱,11.0,起身拔节-重旱,9.0,起身拔节-轻旱,1.0,0.00040192035,0.00813493,0.0004981016,0.0010959896,0.05653914,0.097871974,0.20366742,0.010168421,0.18593767,0.15946937,0.110353276,0.16170222
../Image/Train_Image\test\抽穗开花-适宜\IMG_20230413_120552_1.jpg,6,抽穗开花-适宜,6.0,抽穗开花-适宜,8.0,起身拔节-中旱,11.0,起身拔节-重旱,9.0,起身拔节-轻旱,1.0,0.00047144407,0.009563692,0.00044394145,0.0010947257,0.041812725,0.07331254,0.24029687,0.009769297,0.18663917,0.15677403,0.11409611,0.16028164
../Image/Train_Image\test\抽穗开花-适宜\IMG_20230413_120553.jpg,6,抽穗开花-适宜,6.0,抽穗开花-适宜,8.0,起身拔节-中旱,11.0,起身拔节-重旱,9.0,起身拔节-轻旱,1.0,0.00043749387,0.009125829,0.00045909194,0.0010512233,0.047024064,0.082739346,0.22847745,0.010164184,0.1852562,0.15519977,0.11567867,0.15871589
../Image/Train_Image\test\抽穗开花-适宜\IMG_20230413_120553_move.jpg,6,抽穗开花-适宜,6.0,抽穗开花-适宜,8.0,起身拔节-中旱,11.0,起身拔节-重旱,9.0,起身拔节-轻旱,1.0,0.00043499764,0.009135602,0.00047443376,0.0010623216,0.047975723,0.08638331,0.22529502,0.010306257,0.1839792,0.15389802,0.1160454,0.15926476
../Image/Train_Image\test\抽穗开花-适宜\IMG_20230413_120555_1.jpg,6,抽穗开花-适宜,6.0,抽穗开花-适宜,8.0,起身拔节-中旱,11.0,起身拔节-重旱,9.0,起身拔节-轻旱,1.0,0.00044853357,0.007821419,0.00037996442,0.0009894161,0.037860963,0.06989792,0.2271192,0.009838474,0.19690222,0.16277735,0.11478732,0.16640088
../Image/Train_Image\test\抽穗开花-适宜\IMG_20230413_120555_move.jpg,6,抽穗开花-适宜,6.0,抽穗开花-适宜,8.0,起身拔节-中旱,11.0,起身拔节-重旱,9.0,起身拔节-轻旱,1.0,0.0004010772,0.008661332,0.00040962303,0.0009986511,0.045849364,0.08390409,0.2354641,0.010038532,0.18857114,0.15225281,0.11443898,0.15439373
../Image/Train_Image\test\抽穗开花-适宜\IMG_20230413_120556_2_horizontal.jpg,6,抽穗开花-适宜,6.0,抽穗开花-适宜,8.0,起身拔节-中旱,9.0,起身拔节-轻旱,11.0,起身拔节-重旱,1.0,0.00044276318,0.00823514,0.00041318644,0.001007977,0.043891158,0.07740533,0.22796106,0.008789012,0.19236325,0.16131504,0.1142397,0.15889135
../Image/Train_Image\test\抽穗开花-适宜\IMG_20230413_120558_1.jpg,6,抽穗开花-适宜,6.0,抽穗开花-适宜,8.0,起身拔节-中旱,11.0,起身拔节-重旱,9.0,起身拔节-轻旱,1.0,0.00044434186,0.008093711,0.00047188948,0.0011208134,0.047443524,0.087542064,0.22162181,0.010530057,0.19230264,0.15721636,0.10948948,0.15800096
../Image/Train_Image\test\抽穗开花-适宜\IMG_20230413_120558_horizontal.jpg,6,抽穗开花-适宜,6.0,抽穗开花-适宜,8.0,起身拔节-中旱,11.0,起身拔节-重旱,9.0,起身拔节-轻旱,1.0,0.00047728492,0.008609903,0.00039878878,0.0011040947,0.0397945,0.07367427,0.23442924,0.0099374605,0.19604154,0.14851405,0.11711389,0.16492884
../Image/Train_Image\test\抽穗开花-适宜\IMG_20230413_120559_1_move.jpg,6,抽穗开花-适宜,6.0,抽穗开花-适宜,8.0,起身拔节-中旱,11.0,起身拔节-重旱,9.0,起身拔节-轻旱,1.0,0.00044053138,0.008306773,0.00047574777,0.0010949365,0.048582286,0.09098733,0.22135483,0.010466202,0.1876281,0.15589431,0.108314775,0.16054899
../Image/Train_Image\test\抽穗开花-重旱\IMG_20230415_163228_1.jpg,7,抽穗开花-重旱,7.0,抽穗开花-重旱,10.0,起身拔节-适宜,1.0,开花成熟-轻旱,9.0,起身拔节-轻旱,1.0,0.02235413,0.1202956,0.02008442,0.04628128,0.09979458,0.07157706,0.05898064,0.14120951,0.057361998,0.11866213,0.13826475,0.09237821
../Image/Train_Image\test\抽穗开花-重旱\IMG_20230415_163231_1.jpg,7,抽穗开花-重旱,7.0,抽穗开花-重旱,10.0,起身拔节-适宜,4.0,抽穗开花-中旱,9.0,起身拔节-轻旱,1.0,0.01563754,0.091286585,0.017660059,0.04067502,0.12783916,0.09548905,0.0622502,0.13300486,0.06432192,0.11727791,0.13293917,0.091092296
../Image/Train_Image\test\抽穗开花-重旱\IMG_20230415_163234.jpg,7,抽穗开花-重旱,10.0,起身拔节-适宜,9.0,起身拔节-轻旱,7.0,抽穗开花-重旱,1.0,开花成熟-轻旱,1.0,0.017016238,0.11463243,0.017029613,0.036646307,0.1037487,0.07609704,0.07334936,0.11840227,0.06412103,0.12250599,0.14130923,0.10264781
../Image/Train_Image\test\抽穗开花-重旱\IMG_20230415_163236.jpg,7,抽穗开花-重旱,1.0,开花成熟-轻旱,10.0,起身拔节-适宜,9.0,起身拔节-轻旱,7.0,抽穗开花-重旱,1.0,0.020492718,0.14373712,0.019389141,0.043405723,0.09643743,0.068449624,0.06262981,0.11655273,0.05566911,0.1254944,0.13699296,0.095565744
../Image/Train_Image\test\抽穗开花-重旱\IMG_20230415_163237_1.jpg,7,抽穗开花-重旱,1.0,开花成熟-轻旱,7.0,抽穗开花-重旱,10.0,起身拔节-适宜,9.0,起身拔节-轻旱,1.0,0.028978838,0.17034434,0.027452396,0.058904126,0.09196849,0.056617197,0.04732272,0.1454285,0.045206003,0.10927675,0.1239649,0.079274684
../Image/Train_Image\test\抽穗开花-重旱\IMG_20230415_163238_1.jpg,7,抽穗开花-重旱,10.0,起身拔节-适宜,9.0,起身拔节-轻旱,1.0,开花成熟-轻旱,11.0,起身拔节-重旱,0.0,0.01585117,0.10924235,0.0139528075,0.033964794,0.08996183,0.07076852,0.08086582,0.10605928,0.06906967,0.12977354,0.15400602,0.10912479
../Image/Train_Image\test\抽穗开花-重旱\IMG_20230415_163240.jpg,7,抽穗开花-重旱,10.0,起身拔节-适宜,9.0,起身拔节-轻旱,7.0,抽穗开花-重旱,1.0,开花成熟-轻旱,1.0,0.014653758,0.1005044,0.014205625,0.033519283,0.09750478,0.08098214,0.07280004,0.108708896,0.0695589,0.13885449,0.15366581,0.1003436
../Image/Train_Image\test\抽穗开花-重旱\IMG_20230415_163249.jpg,7,抽穗开花-重旱,7.0,抽穗开花-重旱,10.0,起身拔节-适宜,9.0,起身拔节-轻旱,1.0,开花成熟-轻旱,1.0,0.020773014,0.10426712,0.018809544,0.05034437,0.09761772,0.07051958,0.048546042,0.17515811,0.058459163,0.12265148,0.13639845,0.08771117
../Image/Train_Image\test\抽穗开花-重旱\IMG_20230415_163250_2.jpg,7,抽穗开花-重旱,7.0,抽穗开花-重旱,10.0,起身拔节-适宜,9.0,起身拔节-轻旱,1.0,开花成熟-轻旱,1.0,0.022442956,0.102226384,0.016879285,0.049648654,0.090815865,0.06604223,0.052170265,0.17026643,0.062144563,0.12732874,0.13547161,0.092831634
../Image/Train_Image\test\抽穗开花-重旱\IMG_20230415_163252_1.jpg,7,抽穗开花-重旱,7.0,抽穗开花-重旱,10.0,起身拔节-适宜,9.0,起身拔节-轻旱,4.0,抽穗开花-中旱,1.0,0.018762123,0.09308151,0.016353952,0.04823947,0.10300158,0.07779574,0.049957786,0.16855013,0.06472804,0.12266471,0.13852662,0.08964411
../Image/Train_Image\test\抽穗开花-重旱\IMG_20230415_163253_2.jpg,7,抽穗开花-重旱,10.0,起身拔节-适宜,9.0,起身拔节-轻旱,4.0,抽穗开花-中旱,11.0,起身拔节-重旱,0.0,0.005229538,0.0390021,0.0057561216,0.014749217,0.12407543,0.111922644,0.077019766,0.08777129,0.09725807,0.153636,0.16019066,0.11770799
../Image/Train_Image\test\抽穗开花-重旱\IMG_20230415_163255_1.jpg,7,抽穗开花-重旱,10.0,起身拔节-适宜,7.0,抽穗开花-重旱,9.0,起身拔节-轻旱,4.0,抽穗开花-中旱,1.0,0.010714482,0.054439306,0.0103365285,0.030587522,0.12667516,0.10747317,0.059608888,0.14132039,0.07463144,0.12789534,0.15489498,0.09281808
../Image/Train_Image\test\抽穗开花-重旱\IMG_20230415_163256_2.jpg,7,抽穗开花-重旱,7.0,抽穗开花-重旱,10.0,起身拔节-适宜,9.0,起身拔节-轻旱,4.0,抽穗开花-中旱,1.0,0.021885531,0.09463142,0.018493233,0.05330576,0.0993986,0.06552639,0.04351735,0.19220525,0.05947913,0.121380806,0.13678887,0.08646927
../Image/Train_Image\test\抽穗开花-重旱\IMG_20230415_163259.jpg,7,抽穗开花-重旱,10.0,起身拔节-适宜,9.0,起身拔节-轻旱,7.0,抽穗开花-重旱,4.0,抽穗开花-中旱,1.0,0.007526478,0.045430467,0.0057395045,0.021368261,0.10862612,0.10209104,0.0771634,0.11397585,0.08889902,0.13842085,0.17736219,0.10835039
../Image/Train_Image\test\抽穗开花-重旱\IMG_20230415_163302.jpg,7,抽穗开花-重旱,10.0,起身拔节-适宜,9.0,起身拔节-轻旱,4.0,抽穗开花-中旱,5.0,抽穗开花-轻旱,0.0,0.0067904703,0.0397371,0.006311377,0.018644594,0.12511176,0.12485467,0.080586016,0.09551526,0.09863121,0.13037162,0.15042906,0.1108802
../Image/Train_Image\test\抽穗开花-重旱\IMG_20230415_163304_1.jpg,7,抽穗开花-重旱,7.0,抽穗开花-重旱,9.0,起身拔节-轻旱,1.0,开花成熟-轻旱,10.0,起身拔节-适宜,1.0,0.024828983,0.12513949,0.02298148,0.05668979,0.08859698,0.056604974,0.04579803,0.18253934,0.05329145,0.12880684,0.121360496,0.08615874
../Image/Train_Image\test\抽穗开花-重旱\IMG_20230415_163307.jpg,7,抽穗开花-重旱,9.0,起身拔节-轻旱,10.0,起身拔节-适宜,11.0,起身拔节-重旱,7.0,抽穗开花-重旱,1.0,0.011898735,0.08936208,0.011394454,0.026585225,0.092430726,0.08038957,0.07494346,0.10809184,0.08048615,0.15492511,0.14203161,0.10854005
../Image/Train_Image\test\抽穗开花-重旱\IMG_20230415_163308_3.jpg,7,抽穗开花-重旱,7.0,抽穗开花-重旱,9.0,起身拔节-轻旱,10.0,起身拔节-适宜,1.0,开花成熟-轻旱,1.0,0.02077378,0.123994984,0.016581638,0.043130357,0.08276713,0.05380426,0.057087623,0.14859247,0.06360172,0.13997044,0.13870038,0.102834776
../Image/Train_Image\test\抽穗开花-重旱\IMG_20230415_163346.jpg,7,抽穗开花-重旱,7.0,抽穗开花-重旱,4.0,抽穗开花-中旱,1.0,开花成熟-轻旱,3.0,开花成熟-重旱,1.0,0.057418287,0.109319836,0.06631589,0.10799889,0.11372658,0.06479303,0.020163124,0.21975377,0.029949265,0.063909896,0.06799833,0.042550072
../Image/Train_Image\test\抽穗开花-重旱\IMG_20230415_163347_3.jpg,7,抽穗开花-重旱,7.0,抽穗开花-重旱,3.0,开花成熟-重旱,1.0,开花成熟-轻旱,4.0,抽穗开花-中旱,1.0,0.061599474,0.10566122,0.0612745,0.114900425,0.10133798,0.05834769,0.02002343,0.23436803,0.029708603,0.06641934,0.06936794,0.044750657
../Image/Train_Image\test\抽穗开花-重旱\IMG_20230415_163349_1.jpg,7,抽穗开花-重旱,7.0,抽穗开花-重旱,4.0,抽穗开花-中旱,3.0,开花成熟-重旱,1.0,开花成熟-轻旱,1.0,0.052898694,0.103747316,0.06393802,0.1096161,0.12167057,0.0671636,0.020268735,0.21972965,0.031041164,0.066562325,0.07097284,0.043635406
../Image/Train_Image\test\抽穗开花-重旱\IMG_20230415_163351_1.jpg,7,抽穗开花-重旱,7.0,抽穗开花-重旱,1.0,开花成熟-轻旱,4.0,抽穗开花-中旱,10.0,起身拔节-适宜,1.0,0.050204936,0.11684944,0.047980685,0.08337909,0.11125463,0.06564042,0.030336589,0.18694116,0.039623104,0.08545655,0.0923091,0.05889597
../Image/Train_Image\test\抽穗开花-重旱\IMG_20230415_163352_3.jpg,7,抽穗开花-重旱,7.0,抽穗开花-重旱,1.0,开花成熟-轻旱,3.0,开花成熟-重旱,4.0,抽穗开花-中旱,1.0,0.06206342,0.13643552,0.06352261,0.1012522,0.0977695,0.056897134,0.02273161,0.20032111,0.03137076,0.06919869,0.078076564,0.049125265
../Image/Train_Image\test\抽穗开花-重旱\IMG_20230415_163354_1.jpg,7,抽穗开花-重旱,7.0,抽穗开花-重旱,1.0,开花成熟-轻旱,3.0,开花成熟-重旱,0.0,开花成熟-中旱,1.0,0.09179844,0.15073282,0.08676271,0.14420438,0.071013294,0.031388924,0.013921461,0.24539468,0.017150378,0.04751448,0.054627117,0.031890497
../Image/Train_Image\test\抽穗开花-重旱\IMG_20230415_163356.jpg,7,抽穗开花-重旱,7.0,抽穗开花-重旱,3.0,开花成熟-重旱,1.0,开花成熟-轻旱,0.0,开花成熟-中旱,1.0,0.095922805,0.14131953,0.087383576,0.14748383,0.067103535,0.03613397,0.01526777,0.22041707,0.018835,0.046765067,0.05566382,0.031830646
../Image/Train_Image\test\抽穗开花-重旱\IMG_20230415_163357.jpg,7,抽穗开花-重旱,7.0,抽穗开花-重旱,1.0,开花成熟-轻旱,4.0,抽穗开花-中旱,3.0,开花成熟-重旱,1.0,0.058173172,0.11752307,0.060142923,0.10230172,0.10825328,0.05915408,0.022161497,0.22144131,0.030796036,0.07109946,0.07701715,0.046876084
../Image/Train_Image\test\抽穗开花-重旱\IMG_20230415_163358.jpg,7,抽穗开花-重旱,7.0,抽穗开花-重旱,1.0,开花成熟-轻旱,3.0,开花成熟-重旱,4.0,抽穗开花-中旱,1.0,0.06810261,0.12163555,0.06529041,0.10747853,0.09728775,0.057108063,0.020758381,0.2198177,0.029159034,0.06416792,0.072025426,0.045085296
../Image/Train_Image\test\抽穗开花-重旱\IMG_20230415_163400.jpg,7,抽穗开花-重旱,7.0,抽穗开花-重旱,1.0,开花成熟-轻旱,4.0,抽穗开花-中旱,3.0,开花成熟-重旱,1.0,0.060154453,0.10803821,0.06587656,0.10464559,0.10769955,0.05908006,0.021680338,0.21899803,0.031162664,0.06846695,0.07029519,0.046233285
../Image/Train_Image\test\抽穗开花-重旱\IMG_20230415_163401_1.jpg,7,抽穗开花-重旱,7.0,抽穗开花-重旱,3.0,开花成熟-重旱,1.0,开花成熟-轻旱,4.0,抽穗开花-中旱,1.0,0.063364275,0.11644098,0.064705044,0.122163005,0.09452755,0.0525105,0.018688854,0.23483509,0.02626613,0.0678344,0.07241944,0.042834487
../Image/Train_Image\test\抽穗开花-重旱\IMG_20230415_163403_1.jpg,7,抽穗开花-重旱,7.0,抽穗开花-重旱,1.0,开花成熟-轻旱,3.0,开花成熟-重旱,4.0,抽穗开花-中旱,1.0,0.06451512,0.1284736,0.06376903,0.111820206,0.096712634,0.051963598,0.020865614,0.22411492,0.027837448,0.06957043,0.07221259,0.044302933
../Image/Train_Image\test\抽穗开花-重旱\IMG_20230415_163409.jpg,7,抽穗开花-重旱,7.0,抽穗开花-重旱,3.0,开花成熟-重旱,1.0,开花成熟-轻旱,2.0,开花成熟-适宜,1.0,0.10976645,0.132962,0.12519307,0.17596355,0.06533154,0.028198516,0.008061912,0.23522083,0.011617615,0.034321483,0.039484017,0.022403654
../Image/Train_Image\test\抽穗开花-重旱\IMG_20230415_163411_1.jpg,7,抽穗开花-重旱,7.0,抽穗开花-重旱,3.0,开花成熟-重旱,2.0,开花成熟-适宜,1.0,开花成熟-轻旱,1.0,0.1143265,0.12675335,0.12725818,0.17813602,0.061277494,0.024878465,0.007038784,0.25471365,0.01029552,0.032362834,0.03596568,0.018794747
../Image/Train_Image\test\抽穗开花-重旱\IMG_20230415_163413.jpg,7,抽穗开花-重旱,7.0,抽穗开花-重旱,3.0,开花成熟-重旱,2.0,开花成熟-适宜,1.0,开花成熟-轻旱,1.0,0.114861056,0.1294378,0.14056896,0.18640713,0.058216803,0.024788337,0.0064045964,0.24626496,0.008850265,0.028309222,0.030921336,0.016612759
../Image/Train_Image\test\抽穗开花-重旱\IMG_20230415_163419_1.jpg,7,抽穗开花-重旱,7.0,抽穗开花-重旱,3.0,开花成熟-重旱,1.0,开花成熟-轻旱,2.0,开花成熟-适宜,1.0,0.0939153,0.12608948,0.1232189,0.170762,0.066357665,0.029468413,0.0076814764,0.2648193,0.011806097,0.03446424,0.039748985,0.021092515
../Image/Train_Image\test\抽穗开花-重旱\IMG_20230415_163421_1.jpg,7,抽穗开花-重旱,7.0,抽穗开花-重旱,3.0,开花成熟-重旱,1.0,开花成熟-轻旱,2.0,开花成熟-适宜,1.0,0.1127688,0.14008535,0.1335464,0.17583446,0.055469625,0.023252275,0.0070305513,0.24878044,0.010132581,0.031061973,0.034670513,0.018832566
../Image/Train_Image\test\抽穗开花-重旱\IMG_20230415_163423_1.jpg,7,抽穗开花-重旱,7.0,抽穗开花-重旱,3.0,开花成熟-重旱,1.0,开花成熟-轻旱,2.0,开花成熟-适宜,1.0,0.11991345,0.14014411,0.124348864,0.17629902,0.056800954,0.023723977,0.007457662,0.2467149,0.009405802,0.03018198,0.035958428,0.019325506
../Image/Train_Image\test\抽穗开花-重旱\IMG_20230415_163425_2.jpg,7,抽穗开花-重旱,7.0,抽穗开花-重旱,3.0,开花成熟-重旱,1.0,开花成熟-轻旱,2.0,开花成熟-适宜,1.0,0.108269095,0.13029243,0.1274502,0.18362404,0.058300447,0.025430113,0.0059596007,0.26977143,0.00869037,0.028067347,0.031193126,0.016863206
../Image/Train_Image\test\抽穗开花-重旱\IMG_20230415_163427_2.jpg,7,抽穗开花-重旱,1.0,开花成熟-轻旱,7.0,抽穗开花-重旱,3.0,开花成熟-重旱,0.0,开花成熟-中旱,1.0,0.13025165,0.21465796,0.102128595,0.16344854,0.033322804,0.016317457,0.008858133,0.20923695,0.010180701,0.03215536,0.039187018,0.022601524
../Image/Train_Image\test\抽穗开花-重旱\IMG_20230415_163429_1.jpg,7,抽穗开花-重旱,1.0,开花成熟-轻旱,7.0,抽穗开花-重旱,3.0,开花成熟-重旱,0.0,开花成熟-中旱,1.0,0.15757559,0.21579581,0.11499301,0.15928623,0.028060509,0.013355844,0.0087827435,0.18690003,0.008893542,0.029280128,0.03321731,0.020844964
../Image/Train_Image\test\抽穗开花-重旱\IMG_20230415_163431.jpg,7,抽穗开花-重旱,7.0,抽穗开花-重旱,1.0,开花成熟-轻旱,3.0,开花成熟-重旱,0.0,开花成熟-中旱,1.0,0.11611456,0.18474062,0.09981617,0.15143932,0.04639106,0.02200571,0.010879139,0.22074127,0.01320111,0.039750293,0.045811094,0.026959028
../Image/Train_Image\test\抽穗开花-重旱\IMG_20230415_163433_1.jpg,7,抽穗开花-重旱,7.0,抽穗开花-重旱,3.0,开花成熟-重旱,1.0,开花成熟-轻旱,2.0,开花成熟-适宜,1.0,0.106294215,0.14846154,0.11718363,0.15794697,0.05953468,0.027174763,0.009490158,0.23719583,0.013587439,0.037799224,0.043739323,0.023836127
../Image/Train_Image\test\抽穗开花-重旱\IMG_20230415_163458.jpg,7,抽穗开花-重旱,7.0,抽穗开花-重旱,3.0,开花成熟-重旱,2.0,开花成熟-适宜,1.0,开花成熟-轻旱,1.0,0.13326828,0.14415607,0.15880005,0.21860574,0.03256938,0.010527795,0.002357506,0.25359166,0.0036224935,0.014900983,0.018159373,0.008401379
../Image/Train_Image\test\抽穗开花-重旱\IMG_20230415_163500_2.jpg,7,抽穗开花-重旱,7.0,抽穗开花-重旱,3.0,开花成熟-重旱,2.0,开花成熟-适宜,0.0,开花成熟-中旱,1.0,0.14138992,0.13947827,0.16006824,0.21994342,0.031761702,0.010210555,0.0021501065,0.2516273,0.0031072681,0.014173952,0.017189208,0.007834553
../Image/Train_Image\test\抽穗开花-重旱\IMG_20230415_163501_3.jpg,7,抽穗开花-重旱,7.0,抽穗开花-重旱,3.0,开花成熟-重旱,2.0,开花成熟-适宜,1.0,开花成熟-轻旱,1.0,0.123998165,0.13316339,0.13995801,0.22372372,0.0369902,0.012767498,0.0027684965,0.27189174,0.0039542965,0.01719971,0.023044484,0.009322319
../Image/Train_Image\test\抽穗开花-重旱\IMG_20230415_163510.jpg,7,抽穗开花-重旱,7.0,抽穗开花-重旱,3.0,开花成熟-重旱,2.0,开花成熟-适宜,1.0,开花成熟-轻旱,1.0,0.07585255,0.09163859,0.09897747,0.17159688,0.08775401,0.0353335,0.00556456,0.33298123,0.010004047,0.030151205,0.039509118,0.017418986
../Image/Train_Image\test\抽穗开花-重旱\IMG_20230415_163512.jpg,7,抽穗开花-重旱,7.0,抽穗开花-重旱,3.0,开花成熟-重旱,2.0,开花成熟-适宜,1.0,开花成熟-轻旱,1.0,0.135865,0.14298046,0.15264542,0.22046861,0.031850055,0.01074942,0.0023338737,0.25527072,0.0036966675,0.015723795,0.018706635,0.008617202
../Image/Train_Image\test\抽穗开花-重旱\IMG_20230415_163515_1.jpg,7,抽穗开花-重旱,7.0,抽穗开花-重旱,3.0,开花成熟-重旱,2.0,开花成熟-适宜,1.0,开花成熟-轻旱,1.0,0.07383005,0.093838744,0.09670742,0.17724325,0.085013546,0.033509593,0.0054647345,0.33646956,0.009540857,0.030191226,0.038617447,0.017271763
../Image/Train_Image\test\抽穗开花-重旱\IMG_20230415_163517.jpg,7,抽穗开花-重旱,7.0,抽穗开花-重旱,1.0,开花成熟-轻旱,3.0,开花成熟-重旱,2.0,开花成熟-适宜,1.0,0.124883026,0.16078542,0.14331652,0.14997786,0.05064699,0.022802928,0.008403125,0.21542323,0.010823848,0.0355181,0.037349004,0.023000948
../Image/Train_Image\test\抽穗开花-重旱\IMG_20230415_163520.jpg,7,抽穗开花-重旱,7.0,抽穗开花-重旱,3.0,开花成熟-重旱,1.0,开花成熟-轻旱,2.0,开花成熟-适宜,1.0,0.07536417,0.106493674,0.104417674,0.15302466,0.0948192,0.041498296,0.0085691055,0.28588635,0.013969683,0.03963981,0.046228997,0.023685435
../Image/Train_Image\test\抽穗开花-重旱\IMG_20230415_163521_2.jpg,7,抽穗开花-重旱,7.0,抽穗开花-重旱,3.0,开花成熟-重旱,1.0,开花成熟-轻旱,2.0,开花成熟-适宜,1.0,0.117964506,0.13691418,0.13368711,0.20812891,0.037915748,0.014256803,0.0030796572,0.2886265,0.0047145453,0.019426638,0.023621988,0.01029773
../Image/Train_Image\test\起身拔节-中旱\IMG_20230330_145353.jpg,8,起身拔节-中旱,6.0,抽穗开花-适宜,8.0,起身拔节-中旱,9.0,起身拔节-轻旱,11.0,起身拔节-重旱,1.0,0.00066094287,0.010131615,0.0005114248,0.0013877858,0.043440938,0.07338378,0.20388931,0.012843652,0.1894267,0.16906935,0.1268951,0.16249909
../Image/Train_Image\test\起身拔节-中旱\IMG_20230330_145409.jpg,8,起身拔节-中旱,6.0,抽穗开花-适宜,8.0,起身拔节-中旱,11.0,起身拔节-重旱,9.0,起身拔节-轻旱,1.0,0.000664307,0.010843174,0.00042353387,0.0013016997,0.033901747,0.05974563,0.23175286,0.010522658,0.18865934,0.16282372,0.13008627,0.16360508
../Image/Train_Image\test\起身拔节-中旱\IMG_20230330_145418.jpg,8,起身拔节-中旱,6.0,抽穗开花-适宜,8.0,起身拔节-中旱,9.0,起身拔节-轻旱,11.0,起身拔节-重旱,1.0,0.00052622525,0.010757055,0.0003748098,0.0010807203,0.031688042,0.05359838,0.2277943,0.010313388,0.19657783,0.1714826,0.13011886,0.1627783
../Image/Train_Image\test\起身拔节-中旱\IMG_20230330_145419.jpg,8,起身拔节-中旱,6.0,抽穗开花-适宜,8.0,起身拔节-中旱,11.0,起身拔节-重旱,9.0,起身拔节-轻旱,1.0,0.0004532688,0.009556605,0.00030828465,0.0008743462,0.029312372,0.05097918,0.24536909,0.0083358595,0.19626513,0.16552705,0.116432935,0.17348787
../Image/Train_Image\test\起身拔节-中旱\IMG_20230330_145502.jpg,8,起身拔节-中旱,9.0,起身拔节-轻旱,6.0,抽穗开花-适宜,8.0,起身拔节-中旱,11.0,起身拔节-重旱,1.0,0.0009001604,0.013707082,0.0010888934,0.0019899579,0.071563646,0.095699385,0.16980447,0.014640419,0.16031417,0.1835821,0.122322485,0.15445282
../Image/Train_Image\test\起身拔节-中旱\IMG_20230330_145503.jpg,8,起身拔节-中旱,8.0,起身拔节-中旱,6.0,抽穗开花-适宜,9.0,起身拔节-轻旱,11.0,起身拔节-重旱,1.0,0.0004399346,0.007869261,0.0005791151,0.001348721,0.08137872,0.12588388,0.16815397,0.011603043,0.17553546,0.15502448,0.113926426,0.15379255
../Image/Train_Image\test\起身拔节-中旱\IMG_20230330_145515_1.jpg,8,起身拔节-中旱,6.0,抽穗开花-适宜,8.0,起身拔节-中旱,9.0,起身拔节-轻旱,11.0,起身拔节-重旱,1.0,0.00049477984,0.008684982,0.00052554964,0.0013142902,0.06532138,0.11126205,0.18383765,0.011021048,0.18055998,0.1667014,0.10872717,0.15677795
../Image/Train_Image\test\起身拔节-中旱\IMG_20230330_145516.jpg,8,起身拔节-中旱,8.0,起身拔节-中旱,9.0,起身拔节-轻旱,6.0,抽穗开花-适宜,11.0,起身拔节-重旱,1.0,0.0006681506,0.008639501,0.00076089083,0.0018725116,0.07734059,0.122097746,0.1600683,0.01515585,0.17689295,0.16235688,0.117417686,0.14862393
../Image/Train_Image\test\起身拔节-中旱\IMG_20230330_145519.jpg,8,起身拔节-中旱,6.0,抽穗开花-适宜,8.0,起身拔节-中旱,9.0,起身拔节-轻旱,11.0,起身拔节-重旱,1.0,0.0006758013,0.010658278,0.0006990702,0.0015760793,0.06430489,0.09048868,0.18774918,0.013560641,0.17842296,0.16904141,0.11845033,0.15791442
../Image/Train_Image\test\起身拔节-中旱\IMG_20230330_145520.jpg,8,起身拔节-中旱,6.0,抽穗开花-适宜,9.0,起身拔节-轻旱,8.0,起身拔节-中旱,11.0,起身拔节-重旱,1.0,0.0016059496,0.017692683,0.0013690738,0.002748149,0.05443287,0.078363,0.1929925,0.018791493,0.16735081,0.17211431,0.1248206,0.15305492
../Image/Train_Image\test\起身拔节-中旱\IMG_20230330_145523_1.jpg,8,起身拔节-中旱,8.0,起身拔节-中旱,9.0,起身拔节-轻旱,11.0,起身拔节-重旱,6.0,抽穗开花-适宜,1.0,0.0006842329,0.010905744,0.00092915795,0.0015963523,0.07246234,0.11171428,0.16292478,0.012594882,0.17275523,0.16838232,0.10976823,0.16395038
../Image/Train_Image\test\起身拔节-中旱\IMG_20230330_145524.jpg,8,起身拔节-中旱,8.0,起身拔节-中旱,11.0,起身拔节-重旱,9.0,起身拔节-轻旱,6.0,抽穗开花-适宜,1.0,0.0008283482,0.010488624,0.0011036887,0.0019106595,0.07955522,0.11749094,0.145133,0.015001759,0.17358653,0.16694164,0.10565741,0.1682046
../Image/Train_Image\test\起身拔节-中旱\IMG_20230330_145538_1.jpg,8,起身拔节-中旱,8.0,起身拔节-中旱,6.0,抽穗开花-适宜,11.0,起身拔节-重旱,9.0,起身拔节-轻旱,1.0,0.00091799477,0.00958854,0.0008304214,0.0018290791,0.06358257,0.090237044,0.17595084,0.017058294,0.18725011,0.15366608,0.11481989,0.16755627
../Image/Train_Image\test\起身拔节-中旱\IMG_20230330_145541.jpg,8,起身拔节-中旱,6.0,抽穗开花-适宜,8.0,起身拔节-中旱,11.0,起身拔节-重旱,9.0,起身拔节-轻旱,1.0,0.00096047606,0.012775461,0.0007077785,0.0017632422,0.039863814,0.06324445,0.21803287,0.012767313,0.19059251,0.15964516,0.12417204,0.16247283
../Image/Train_Image\test\起身拔节-中旱\IMG_20230330_145635_2.jpg,8,起身拔节-中旱,9.0,起身拔节-轻旱,11.0,起身拔节-重旱,8.0,起身拔节-中旱,10.0,起身拔节-适宜,1.0,0.0014508655,0.012296995,0.0015544859,0.0032007121,0.088190794,0.12106441,0.12369438,0.02449784,0.1530008,0.17162915,0.12781745,0.15689641
../Image/Train_Image\test\起身拔节-中旱\IMG_20230330_145635_3.jpg,8,起身拔节-中旱,9.0,起身拔节-轻旱,11.0,起身拔节-重旱,8.0,起身拔节-中旱,5.0,抽穗开花-轻旱,1.0,0.0012485073,0.010832241,0.0014149371,0.002887299,0.09159198,0.13135481,0.12373627,0.02252461,0.15450744,0.16616113,0.122890145,0.15599768
../Image/Train_Image\test\起身拔节-中旱\IMG_20230330_145641.jpg,8,起身拔节-中旱,9.0,起身拔节-轻旱,10.0,起身拔节-适宜,11.0,起身拔节-重旱,8.0,起身拔节-中旱,1.0,0.010052988,0.040274568,0.006246121,0.013302262,0.070200786,0.06566666,0.100800365,0.06619491,0.12014755,0.17183897,0.15726449,0.13596046
../Image/Train_Image\test\起身拔节-中旱\IMG_20230330_145641_1.jpg,8,起身拔节-中旱,9.0,起身拔节-轻旱,11.0,起身拔节-重旱,8.0,起身拔节-中旱,10.0,起身拔节-适宜,1.0,0.0028340134,0.018365825,0.0027563428,0.0052960324,0.085185155,0.1071118,0.10286674,0.039368786,0.14998172,0.17164376,0.13206047,0.16308877
../Image/Train_Image\test\起身拔节-中旱\IMG_20230330_145644_1.jpg,8,起身拔节-中旱,8.0,起身拔节-中旱,9.0,起身拔节-轻旱,6.0,抽穗开花-适宜,11.0,起身拔节-重旱,1.0,0.0014138976,0.013368258,0.0011111,0.0025651087,0.054761995,0.080849126,0.16940619,0.01913112,0.17794198,0.17040871,0.12237683,0.16930461
../Image/Train_Image\test\起身拔节-中旱\IMG_20230330_145645.jpg,8,起身拔节-中旱,6.0,抽穗开花-适宜,8.0,起身拔节-中旱,11.0,起身拔节-重旱,9.0,起身拔节-轻旱,1.0,0.00096959766,0.013007459,0.0010119457,0.0020448864,0.05885147,0.08770356,0.1953175,0.015355646,0.17245737,0.15541953,0.1186662,0.16229726
../Image/Train_Image\test\起身拔节-中旱\IMG_20230330_145651.jpg,8,起身拔节-中旱,8.0,起身拔节-中旱,5.0,抽穗开花-轻旱,9.0,起身拔节-轻旱,11.0,起身拔节-重旱,1.0,0.0005647061,0.0063031144,0.000711185,0.0015034255,0.09391282,0.1502335,0.13430765,0.015816264,0.19295625,0.14523989,0.106293224,0.14333808
../Image/Train_Image\test\起身拔节-中旱\IMG_20230330_145652.jpg,8,起身拔节-中旱,8.0,起身拔节-中旱,9.0,起身拔节-轻旱,11.0,起身拔节-重旱,6.0,抽穗开花-适宜,1.0,0.0004432999,0.005434652,0.00051404955,0.0012168441,0.07988833,0.14076802,0.14080024,0.014081252,0.19610654,0.15415834,0.107277304,0.15339634
../Image/Train_Image\test\起身拔节-中旱\IMG_20230330_145654_3.jpg,8,起身拔节-中旱,8.0,起身拔节-中旱,6.0,抽穗开花-适宜,11.0,起身拔节-重旱,9.0,起身拔节-轻旱,1.0,0.00057271955,0.007102941,0.00063145714,0.0014855321,0.07077275,0.11504149,0.16695267,0.013466981,0.19017579,0.15634812,0.10695786,0.16433798
../Image/Train_Image\test\起身拔节-中旱\IMG_20230330_145654_4.jpg,8,起身拔节-中旱,8.0,起身拔节-中旱,6.0,抽穗开花-适宜,11.0,起身拔节-重旱,9.0,起身拔节-轻旱,1.0,0.0005884074,0.007200694,0.0006311407,0.0014825863,0.06942936,0.11100676,0.17000407,0.01338766,0.1881011,0.15829192,0.10623912,0.1672851
../Image/Train_Image\test\起身拔节-中旱\IMG_20230330_145658.jpg,8,起身拔节-中旱,8.0,起身拔节-中旱,9.0,起身拔节-轻旱,11.0,起身拔节-重旱,6.0,抽穗开花-适宜,1.0,0.00076629495,0.007601435,0.00085249706,0.0019017346,0.091323934,0.12767881,0.132369,0.017726608,0.17561045,0.16270566,0.11927334,0.15505448
../Image/Train_Image\test\起身拔节-中旱\IMG_20230330_145702_1.jpg,8,起身拔节-中旱,8.0,起身拔节-中旱,9.0,起身拔节-轻旱,11.0,起身拔节-重旱,5.0,抽穗开花-轻旱,1.0,0.00072985905,0.0074797245,0.0008924447,0.0019610422,0.095585965,0.13830012,0.123032354,0.019082284,0.18182379,0.1642912,0.112707525,0.14668043
../Image/Train_Image\test\起身拔节-中旱\IMG_20230330_145705_1.jpg,8,起身拔节-中旱,8.0,起身拔节-中旱,6.0,抽穗开花-适宜,9.0,起身拔节-轻旱,11.0,起身拔节-重旱,1.0,0.00084653136,0.008738448,0.0008193509,0.001874255,0.07021005,0.10863077,0.164916,0.017600367,0.194082,0.15169361,0.11668261,0.1510191
../Image/Train_Image\test\起身拔节-中旱\IMG_20230330_145705_2.jpg,8,起身拔节-中旱,8.0,起身拔节-中旱,9.0,起身拔节-轻旱,6.0,抽穗开花-适宜,11.0,起身拔节-重旱,1.0,0.0006320346,0.007863953,0.00071726006,0.0016200767,0.08108183,0.13118275,0.15157141,0.015716601,0.18697266,0.1533414,0.11255154,0.14758235
../Image/Train_Image\test\起身拔节-中旱\IMG_20230330_145828_1.jpg,8,起身拔节-中旱,9.0,起身拔节-轻旱,6.0,抽穗开花-适宜,8.0,起身拔节-中旱,10.0,起身拔节-适宜,1.0,0.0025066407,0.019917566,0.0016726699,0.004505598,0.057700187,0.07413522,0.16113394,0.029718634,0.16025506,0.16906254,0.1521301,0.1514834
../Image/Train_Image\test\起身拔节-中旱\IMG_20230330_145830.jpg,8,起身拔节-中旱,10.0,起身拔节-适宜,9.0,起身拔节-轻旱,11.0,起身拔节-重旱,6.0,抽穗开花-适宜,0.0,0.007034792,0.03960372,0.0040344237,0.011554888,0.06514929,0.06708002,0.12845784,0.055558704,0.12557298,0.15760899,0.17629582,0.13816993
../Image/Train_Image\test\起身拔节-中旱\IMG_20230330_145833_2.jpg,8,起身拔节-中旱,9.0,起身拔节-轻旱,6.0,抽穗开花-适宜,11.0,起身拔节-重旱,10.0,起身拔节-适宜,0.0,0.003485939,0.026401617,0.0023558189,0.0064169206,0.059700124,0.06843074,0.15525329,0.03423596,0.14571086,0.17288022,0.15413694,0.1548313
../Image/Train_Image\test\起身拔节-中旱\IMG_20230330_145834.jpg,8,起身拔节-中旱,9.0,起身拔节-轻旱,6.0,抽穗开花-适宜,10.0,起身拔节-适宜,11.0,起身拔节-重旱,0.0,0.003442082,0.027269522,0.0021895352,0.006257,0.06020286,0.06924352,0.16220611,0.033363502,0.14346988,0.16878754,0.15690415,0.15090792
../Image/Train_Image\test\起身拔节-中旱\IMG_20230330_145843_1.jpg,8,起身拔节-中旱,9.0,起身拔节-轻旱,10.0,起身拔节-适宜,11.0,起身拔节-重旱,7.0,抽穗开花-重旱,0.0,0.024038788,0.09083888,0.012075509,0.032603018,0.06901694,0.0476844,0.088389926,0.10840237,0.085180655,0.15391943,0.152697,0.11650391
../Image/Train_Image\test\起身拔节-中旱\IMG_20230330_145844.jpg,8,起身拔节-中旱,9.0,起身拔节-轻旱,10.0,起身拔节-适宜,11.0,起身拔节-重旱,6.0,抽穗开花-适宜,0.0,0.015957423,0.071346216,0.008616996,0.022343818,0.074971326,0.056881614,0.09930827,0.089296296,0.09924607,0.17230442,0.15590341,0.11969523
../Image/Train_Image\test\起身拔节-中旱\IMG_20230330_145847_1.jpg,8,起身拔节-中旱,9.0,起身拔节-轻旱,10.0,起身拔节-适宜,7.0,抽穗开花-重旱,4.0,抽穗开花-中旱,0.0,0.016841108,0.069782525,0.012510422,0.028866442,0.10860794,0.07172695,0.08179197,0.114605136,0.0863271,0.15478386,0.1434637,0.10045493
../Image/Train_Image\test\起身拔节-中旱\IMG_20230330_145853_1.jpg,8,起身拔节-中旱,6.0,抽穗开花-适宜,8.0,起身拔节-中旱,9.0,起身拔节-轻旱,11.0,起身拔节-重旱,1.0,0.00088274945,0.012764289,0.00064133096,0.0016377952,0.045131277,0.06697449,0.21232164,0.012930334,0.18206874,0.16953656,0.1212808,0.1669086
../Image/Train_Image\test\起身拔节-中旱\IMG_20230330_145859.jpg,8,起身拔节-中旱,9.0,起身拔节-轻旱,11.0,起身拔节-重旱,8.0,起身拔节-中旱,6.0,抽穗开花-适宜,1.0,0.0014208459,0.017349431,0.0012906455,0.002882611,0.06435325,0.08150001,0.16274303,0.020189362,0.16516466,0.17533848,0.12926245,0.16945449
../Image/Train_Image\test\起身拔节-中旱\IMG_20230330_145906.jpg,8,起身拔节-中旱,6.0,抽穗开花-适宜,8.0,起身拔节-中旱,11.0,起身拔节-重旱,9.0,起身拔节-轻旱,1.0,0.00046704808,0.010241806,0.00034924955,0.0009835237,0.030882804,0.055582315,0.2495623,0.008091326,0.18922305,0.16005456,0.11426818,0.17652673
../Image/Train_Image\test\起身拔节-中旱\IMG_20230330_165333.jpg,8,起身拔节-中旱,6.0,抽穗开花-适宜,8.0,起身拔节-中旱,11.0,起身拔节-重旱,9.0,起身拔节-轻旱,1.0,0.00042713518,0.008697331,0.00037069223,0.00096580526,0.041021816,0.06964749,0.23378287,0.009180646,0.19552897,0.15469709,0.111184135,0.1699558
../Image/Train_Image\test\起身拔节-中旱\IMG_20230330_165334.jpg,8,起身拔节-中旱,6.0,抽穗开花-适宜,8.0,起身拔节-中旱,11.0,起身拔节-重旱,9.0,起身拔节-轻旱,1.0,0.0005242494,0.009101531,0.00064071076,0.0014113472,0.0568597,0.10128279,0.1901925,0.01215208,0.18865699,0.15085882,0.111083455,0.16953216
../Image/Train_Image\test\起身拔节-中旱\IMG_20230330_165344.jpg,8,起身拔节-中旱,6.0,抽穗开花-适宜,8.0,起身拔节-中旱,11.0,起身拔节-重旱,9.0,起身拔节-轻旱,1.0,0.00037114712,0.0074473876,0.0003270101,0.00087002583,0.04138535,0.076561876,0.22525805,0.008819617,0.19399393,0.15751557,0.11155655,0.17257123
../Image/Train_Image\test\起身拔节-中旱\IMG_20230330_165345.jpg,8,起身拔节-中旱,6.0,抽穗开花-适宜,8.0,起身拔节-中旱,11.0,起身拔节-重旱,9.0,起身拔节-轻旱,1.0,0.00044104198,0.008600685,0.000483223,0.0010687293,0.051022243,0.08909859,0.21421063,0.010040596,0.18244848,0.15925586,0.11203776,0.16655636
../Image/Train_Image\test\起身拔节-中旱\IMG_20230330_165647.jpg,8,起身拔节-中旱,6.0,抽穗开花-适宜,9.0,起身拔节-轻旱,8.0,起身拔节-中旱,11.0,起身拔节-重旱,1.0,0.0011430911,0.01396506,0.0008439971,0.002098037,0.05184314,0.07018974,0.18114164,0.018145485,0.1717057,0.17820884,0.14038436,0.16454189
../Image/Train_Image\test\起身拔节-中旱\IMG_20230330_165648.jpg,8,起身拔节-中旱,6.0,抽穗开花-适宜,9.0,起身拔节-轻旱,8.0,起身拔节-中旱,11.0,起身拔节-重旱,1.0,0.0008422841,0.011555932,0.0006478721,0.0016435151,0.050888915,0.07199932,0.18596151,0.01523379,0.17698517,0.17829609,0.13603106,0.16549717
../Image/Train_Image\test\起身拔节-中旱\IMG_20230330_165657.jpg,8,起身拔节-中旱,8.0,起身拔节-中旱,6.0,抽穗开花-适宜,9.0,起身拔节-轻旱,11.0,起身拔节-重旱,1.0,0.00041857638,0.008887275,0.00039467608,0.0010849956,0.053988494,0.085542575,0.17654333,0.012200266,0.17801487,0.17618038,0.1312607,0.17337684
../Image/Train_Image\test\起身拔节-中旱\IMG_20230330_165705.jpg,8,起身拔节-中旱,9.0,起身拔节-轻旱,8.0,起身拔节-中旱,11.0,起身拔节-重旱,6.0,抽穗开花-适宜,1.0,0.00042905705,0.008815567,0.00043631124,0.0011011438,0.06404627,0.0943768,0.15737817,0.0139158,0.17870925,0.18531588,0.1312378,0.16250712
../Image/Train_Image\test\起身拔节-中旱\IMG_20230330_165706.jpg,8,起身拔节-中旱,8.0,起身拔节-中旱,9.0,起身拔节-轻旱,6.0,抽穗开花-适宜,11.0,起身拔节-重旱,1.0,0.0002291146,0.0058801975,0.00024805748,0.0007475883,0.06396261,0.10949337,0.16583537,0.009996003,0.18603612,0.17655845,0.11977422,0.16037211
../Image/Train_Image\test\起身拔节-中旱\IMG_20230330_165711.jpg,8,起身拔节-中旱,6.0,抽穗开花-适宜,8.0,起身拔节-中旱,11.0,起身拔节-重旱,9.0,起身拔节-轻旱,1.0,0.00033786029,0.0067567867,0.00026068196,0.00068127457,0.037501957,0.06776223,0.23577388,0.0074194316,0.20309825,0.16302262,0.10713883,0.16785571
../Image/Train_Image\test\起身拔节-中旱\IMG_20230330_165713_1.jpg,8,起身拔节-中旱,6.0,抽穗开花-适宜,8.0,起身拔节-中旱,11.0,起身拔节-重旱,9.0,起身拔节-轻旱,1.0,0.00044648902,0.0074902237,0.00038986982,0.00097250886,0.050158843,0.08448615,0.20991744,0.010331059,0.19167705,0.16172367,0.11116324,0.16804433
../Image/Train_Image\test\起身拔节-中旱\IMG_20230330_165714.jpg,8,起身拔节-中旱,6.0,抽穗开花-适宜,8.0,起身拔节-中旱,9.0,起身拔节-轻旱,11.0,起身拔节-重旱,1.0,0.00043250254,0.007046554,0.0003985044,0.0009781361,0.053881694,0.08623008,0.202981,0.010494679,0.19773115,0.16323598,0.11037664,0.16301756
../Image/Train_Image\test\起身拔节-轻旱\IMG_20230330_121858.jpg,9,起身拔节-轻旱,9.0,起身拔节-轻旱,6.0,抽穗开花-适宜,11.0,起身拔节-重旱,8.0,起身拔节-中旱,1.0,0.00057652156,0.01492543,0.00052961,0.0013627175,0.044658996,0.07045694,0.18464057,0.013610355,0.15667386,0.20340838,0.14331344,0.16442786
../Image/Train_Image\test\起身拔节-轻旱\IMG_20230330_121901.jpg,9,起身拔节-轻旱,9.0,起身拔节-轻旱,11.0,起身拔节-重旱,6.0,抽穗开花-适宜,8.0,起身拔节-中旱,1.0,0.0005787989,0.0161927,0.0007276712,0.0016506304,0.06720534,0.0968453,0.15658885,0.016260684,0.14903134,0.19545142,0.13692848,0.1611167
../Image/Train_Image\test\起身拔节-轻旱\IMG_20230330_121908.jpg,9,起身拔节-轻旱,9.0,起身拔节-轻旱,6.0,抽穗开花-适宜,8.0,起身拔节-中旱,11.0,起身拔节-重旱,1.0,0.00059883477,0.011248087,0.0004801296,0.0012669204,0.05059354,0.07685184,0.17002507,0.014764028,0.16334365,0.19848564,0.1488619,0.16217965
../Image/Train_Image\test\起身拔节-轻旱\IMG_20230330_121909.jpg,9,起身拔节-轻旱,9.0,起身拔节-轻旱,6.0,抽穗开花-适宜,8.0,起身拔节-中旱,11.0,起身拔节-重旱,1.0,0.00038211327,0.009767203,0.00039678792,0.0010638371,0.06338144,0.096874095,0.16672006,0.012781181,0.15983632,0.191614,0.14303103,0.1533709
../Image/Train_Image\test\起身拔节-轻旱\IMG_20230330_121917.jpg,9,起身拔节-轻旱,9.0,起身拔节-轻旱,10.0,起身拔节-适宜,8.0,起身拔节-中旱,11.0,起身拔节-重旱,1.0,0.0007883411,0.015160728,0.0010204776,0.0023769233,0.0973158,0.121979214,0.12507114,0.024127446,0.14010307,0.18496975,0.1473965,0.13783118
../Image/Train_Image\test\起身拔节-轻旱\IMG_20230330_121917_1.jpg,9,起身拔节-轻旱,9.0,起身拔节-轻旱,10.0,起身拔节-适宜,8.0,起身拔节-中旱,11.0,起身拔节-重旱,1.0,0.00071765727,0.0148342615,0.0009543506,0.0022417682,0.095283546,0.12361656,0.12654889,0.023369152,0.14078557,0.18253896,0.14798875,0.13961008
../Image/Train_Image\test\起身拔节-轻旱\IMG_20230330_121947.jpg,9,起身拔节-轻旱,9.0,起身拔节-轻旱,6.0,抽穗开花-适宜,11.0,起身拔节-重旱,8.0,起身拔节-中旱,1.0,0.001068838,0.017459547,0.0009414346,0.0022859382,0.05686887,0.07833548,0.16851635,0.017962856,0.15517318,0.18868507,0.14272869,0.16651003
../Image/Train_Image\test\起身拔节-轻旱\IMG_20230330_121948.jpg,9,起身拔节-轻旱,9.0,起身拔节-轻旱,6.0,抽穗开花-适宜,11.0,起身拔节-重旱,8.0,起身拔节-中旱,1.0,0.0012351116,0.018817592,0.0010582721,0.00252403,0.061584406,0.08205535,0.16223396,0.020533117,0.15301083,0.19248074,0.14400312,0.15643142
../Image/Train_Image\test\起身拔节-轻旱\IMG_20230330_121957_2.jpg,9,起身拔节-轻旱,9.0,起身拔节-轻旱,11.0,起身拔节-重旱,10.0,起身拔节-适宜,5.0,抽穗开花-轻旱,1.0,0.001145825,0.015745144,0.0014976205,0.003631854,0.123976916,0.13454808,0.107181296,0.027701667,0.13217905,0.17172287,0.13652596,0.1418641
../Image/Train_Image\test\起身拔节-轻旱\IMG_20230330_121957_3.jpg,9,起身拔节-轻旱,9.0,起身拔节-轻旱,11.0,起身拔节-重旱,10.0,起身拔节-适宜,5.0,抽穗开花-轻旱,1.0,0.001234349,0.016236829,0.001570628,0.0037852752,0.11849874,0.13204761,0.111245304,0.027707918,0.13124411,0.17221975,0.13492465,0.14649397
../Image/Train_Image\test\起身拔节-轻旱\IMG_20230330_122006_1.jpg,9,起身拔节-轻旱,9.0,起身拔节-轻旱,11.0,起身拔节-重旱,10.0,起身拔节-适宜,8.0,起身拔节-中旱,1.0,0.0009190652,0.018807875,0.0009635552,0.0024915151,0.07043829,0.09515306,0.1408804,0.022494715,0.14238754,0.2007963,0.14713594,0.15597253
../Image/Train_Image\test\起身拔节-轻旱\IMG_20230330_122006_2.jpg,9,起身拔节-轻旱,9.0,起身拔节-轻旱,8.0,起身拔节-中旱,11.0,起身拔节-重旱,5.0,抽穗开花-轻旱,1.0,0.00036838694,0.009527791,0.00051580236,0.001360955,0.08866217,0.1356277,0.13120951,0.016090427,0.15156038,0.18586098,0.13460137,0.14364634
../Image/Train_Image\test\起身拔节-轻旱\IMG_20230330_122009_3.jpg,9,起身拔节-轻旱,9.0,起身拔节-轻旱,6.0,抽穗开花-适宜,8.0,起身拔节-中旱,11.0,起身拔节-重旱,1.0,0.0003945697,0.0100347055,0.00042143924,0.0011463157,0.058105033,0.08928555,0.16750735,0.01321597,0.16737449,0.19037922,0.13667485,0.16433328
../Image/Train_Image\test\起身拔节-轻旱\IMG_20230330_122009_4.jpg,9,起身拔节-轻旱,9.0,起身拔节-轻旱,11.0,起身拔节-重旱,6.0,抽穗开花-适宜,8.0,起身拔节-中旱,1.0,0.00060158025,0.013050927,0.00058802473,0.0015327376,0.05758284,0.08045226,0.16701762,0.015661202,0.1606533,0.18683727,0.14466512,0.16978243
../Image/Train_Image\test\起身拔节-轻旱\IMG_20230330_122023.jpg,9,起身拔节-轻旱,9.0,起身拔节-轻旱,4.0,抽穗开花-中旱,10.0,起身拔节-适宜,5.0,抽穗开花-轻旱,1.0,0.0035568837,0.038597204,0.004766261,0.009549784,0.14819798,0.12420452,0.077391915,0.05684274,0.09299589,0.17633587,0.1403481,0.12370602
../Image/Train_Image\test\起身拔节-轻旱\IMG_20230330_122023_1.jpg,9,起身拔节-轻旱,9.0,起身拔节-轻旱,4.0,抽穗开花-中旱,5.0,抽穗开花-轻旱,10.0,起身拔节-适宜,1.0,0.0022707584,0.027104378,0.0039460845,0.0067309253,0.16680402,0.1515261,0.07784497,0.045927614,0.100545675,0.17483695,0.123382896,0.115536585
../Image/Train_Image\test\起身拔节-轻旱\IMG_20230330_122044_1.jpg,9,起身拔节-轻旱,9.0,起身拔节-轻旱,11.0,起身拔节-重旱,8.0,起身拔节-中旱,6.0,抽穗开花-适宜,1.0,0.0005114847,0.009332644,0.00049406395,0.001149235,0.05410763,0.08805926,0.16284409,0.013091649,0.16558386,0.19286367,0.13757043,0.17197238
../Image/Train_Image\test\起身拔节-轻旱\IMG_20230330_122044_2.jpg,9,起身拔节-轻旱,9.0,起身拔节-轻旱,11.0,起身拔节-重旱,6.0,抽穗开花-适宜,8.0,起身拔节-中旱,1.0,0.00040962064,0.008509935,0.00043725106,0.001078641,0.054159414,0.093937,0.1665965,0.011915536,0.16549137,0.18606943,0.13485245,0.17443004
../Image/Train_Image\test\起身拔节-轻旱\IMG_20230330_122053.jpg,9,起身拔节-轻旱,9.0,起身拔节-轻旱,11.0,起身拔节-重旱,8.0,起身拔节-中旱,10.0,起身拔节-适宜,1.0,0.00095175876,0.012126717,0.0007589892,0.0019486638,0.0638333,0.08420107,0.13432331,0.024312034,0.16272879,0.19948903,0.14617482,0.1664817
../Image/Train_Image\test\起身拔节-轻旱\IMG_20230330_122053_1.jpg,9,起身拔节-轻旱,9.0,起身拔节-轻旱,11.0,起身拔节-重旱,8.0,起身拔节-中旱,6.0,抽穗开花-适宜,1.0,0.0005399817,0.008846866,0.00045897547,0.0012671106,0.05855924,0.08546173,0.1447279,0.017429743,0.16613245,0.20397744,0.14168274,0.16934402
../Image/Train_Image\test\起身拔节-轻旱\IMG_20230330_122056_1.jpg,9,起身拔节-轻旱,9.0,起身拔节-轻旱,10.0,起身拔节-适宜,11.0,起身拔节-重旱,8.0,起身拔节-中旱,1.0,0.0010501931,0.013260069,0.00093130715,0.0024972311,0.07673363,0.09760877,0.1252171,0.0310128,0.15247881,0.19027579,0.15340705,0.15309268
../Image/Train_Image\test\起身拔节-轻旱\IMG_20230330_122057.jpg,9,起身拔节-轻旱,9.0,起身拔节-轻旱,8.0,起身拔节-中旱,11.0,起身拔节-重旱,10.0,起身拔节-适宜,1.0,0.0007795187,0.010683166,0.000709298,0.0019486117,0.06946443,0.093512855,0.13590933,0.024363063,0.16392747,0.19086048,0.15094766,0.15456161
../Image/Train_Image\test\起身拔节-轻旱\IMG_20230330_122101_1.jpg,9,起身拔节-轻旱,8.0,起身拔节-中旱,6.0,抽穗开花-适宜,9.0,起身拔节-轻旱,11.0,起身拔节-重旱,1.0,0.0002982105,0.005665008,0.00025122552,0.0006781372,0.042988475,0.076892786,0.18451233,0.009221772,0.19932282,0.17959894,0.12030069,0.17884059
../Image/Train_Image\test\起身拔节-轻旱\IMG_20230330_122101_2.jpg,9,起身拔节-轻旱,8.0,起身拔节-中旱,9.0,起身拔节-轻旱,11.0,起身拔节-重旱,6.0,抽穗开花-适宜,1.0,0.0002812258,0.00564779,0.000263205,0.0006659497,0.04927657,0.0857008,0.17004381,0.009777874,0.19336304,0.18349054,0.12556972,0.17465314
../Image/Train_Image\test\起身拔节-轻旱\IMG_20230330_122105.jpg,9,起身拔节-轻旱,6.0,抽穗开花-适宜,9.0,起身拔节-轻旱,8.0,起身拔节-中旱,11.0,起身拔节-重旱,1.0,0.00024472098,0.005905081,0.00022145554,0.0006053383,0.04087571,0.078041576,0.1972439,0.008702934,0.18249334,0.18294084,0.13278776,0.16892883
../Image/Train_Image\test\起身拔节-轻旱\IMG_20230330_122105_1.jpg,9,起身拔节-轻旱,6.0,抽穗开花-适宜,8.0,起身拔节-中旱,9.0,起身拔节-轻旱,11.0,起身拔节-重旱,1.0,0.0002611702,0.006072352,0.00022220923,0.00061855285,0.039098535,0.07472851,0.20290525,0.008326607,0.18738075,0.18163314,0.12901711,0.16856863
../Image/Train_Image\test\起身拔节-轻旱\IMG_20230330_122109_1.jpg,9,起身拔节-轻旱,6.0,抽穗开花-适宜,8.0,起身拔节-中旱,9.0,起身拔节-轻旱,11.0,起身拔节-重旱,1.0,0.00025692163,0.006341177,0.00022346817,0.0006003064,0.03986442,0.0739487,0.20156436,0.008150824,0.1837415,0.17955397,0.13051747,0.17399979
../Image/Train_Image\test\起身拔节-轻旱\IMG_20230330_122110.jpg,9,起身拔节-轻旱,6.0,抽穗开花-适宜,8.0,起身拔节-中旱,9.0,起身拔节-轻旱,11.0,起身拔节-重旱,1.0,0.00028919033,0.007012283,0.00024136306,0.00067668513,0.03898454,0.07214747,0.20302492,0.008457742,0.18213673,0.18118994,0.13604085,0.16842051
../Image/Train_Image\test\起身拔节-轻旱\IMG_20230330_122113_1.jpg,9,起身拔节-轻旱,6.0,抽穗开花-适宜,8.0,起身拔节-中旱,9.0,起身拔节-轻旱,11.0,起身拔节-重旱,1.0,0.0003117498,0.0066787945,0.0002872653,0.0007638556,0.04611569,0.08486634,0.19780247,0.009533969,0.18365653,0.17865686,0.121021636,0.16859107
../Image/Train_Image\test\起身拔节-轻旱\IMG_20230330_122114.jpg,9,起身拔节-轻旱,6.0,抽穗开花-适宜,8.0,起身拔节-中旱,9.0,起身拔节-轻旱,11.0,起身拔节-重旱,1.0,0.0002704996,0.0058951327,0.00023470458,0.0006592955,0.042268146,0.08026909,0.20388019,0.008645002,0.18731861,0.17813979,0.11815749,0.17291456
../Image/Train_Image\test\起身拔节-轻旱\IMG_20230330_122117_3.jpg,9,起身拔节-轻旱,6.0,抽穗开花-适宜,9.0,起身拔节-轻旱,8.0,起身拔节-中旱,11.0,起身拔节-重旱,1.0,0.00026998238,0.0063832253,0.0002618118,0.000682389,0.044523545,0.08245314,0.20064746,0.009068889,0.17791371,0.18263462,0.12338989,0.17052846
../Image/Train_Image\test\起身拔节-轻旱\IMG_20230330_122118.jpg,9,起身拔节-轻旱,6.0,抽穗开花-适宜,8.0,起身拔节-中旱,11.0,起身拔节-重旱,9.0,起身拔节-轻旱,1.0,0.00028425173,0.006873381,0.0002321595,0.00070392236,0.040249046,0.068423375,0.22046763,0.008587286,0.18226007,0.1669456,0.12477417,0.17887673
../Image/Train_Image\test\起身拔节-轻旱\IMG_20230330_122155_2.jpg,9,起身拔节-轻旱,9.0,起身拔节-轻旱,11.0,起身拔节-重旱,10.0,起身拔节-适宜,8.0,起身拔节-中旱,1.0,0.0012260553,0.014185382,0.0012738883,0.00305746,0.08585923,0.09946574,0.110976666,0.030115834,0.14052399,0.19299102,0.15395291,0.16402884
../Image/Train_Image\test\起身拔节-轻旱\IMG_20230330_122159_2.jpg,9,起身拔节-轻旱,9.0,起身拔节-轻旱,11.0,起身拔节-重旱,10.0,起身拔节-适宜,8.0,起身拔节-中旱,1.0,0.002344336,0.021685245,0.0016671207,0.0042892853,0.07751904,0.0711084,0.09535177,0.04540053,0.13935155,0.2031269,0.1627205,0.17284591
../Image/Train_Image\test\起身拔节-轻旱\IMG_20230330_122159_3.jpg,9,起身拔节-轻旱,9.0,起身拔节-轻旱,10.0,起身拔节-适宜,11.0,起身拔节-重旱,8.0,起身拔节-中旱,1.0,0.0038725832,0.031990588,0.0026595616,0.006481489,0.0787061,0.07256148,0.09194957,0.060905967,0.124267116,0.20076986,0.16265073,0.1595346
../Image/Train_Image\test\起身拔节-轻旱\IMG_20230330_122209.jpg,9,起身拔节-轻旱,9.0,起身拔节-轻旱,10.0,起身拔节-适宜,11.0,起身拔节-重旱,4.0,抽穗开花-中旱,1.0,0.0070577515,0.051341828,0.0058635236,0.01313054,0.10803834,0.08139886,0.07354749,0.07867149,0.09187398,0.18473181,0.1587287,0.1401948
../Image/Train_Image\test\起身拔节-轻旱\IMG_20230330_122209_1.jpg,9,起身拔节-轻旱,9.0,起身拔节-轻旱,10.0,起身拔节-适宜,11.0,起身拔节-重旱,4.0,抽穗开花-中旱,1.0,0.008100489,0.05489542,0.00700973,0.014770936,0.11093453,0.08334516,0.06987205,0.08522388,0.088908665,0.18159623,0.1555509,0.13394462
../Image/Train_Image\test\起身拔节-轻旱\IMG_20230330_122212.jpg,9,起身拔节-轻旱,9.0,起身拔节-轻旱,10.0,起身拔节-适宜,11.0,起身拔节-重旱,4.0,抽穗开花-中旱,1.0,0.008296602,0.049766608,0.006917096,0.013865285,0.10576674,0.08410407,0.07048999,0.07949428,0.090556,0.18949114,0.16113468,0.13413042
../Image/Train_Image\test\起身拔节-轻旱\IMG_20230330_122216.jpg,9,起身拔节-轻旱,9.0,起身拔节-轻旱,11.0,起身拔节-重旱,10.0,起身拔节-适宜,8.0,起身拔节-中旱,1.0,0.00172055,0.018930411,0.0016602828,0.0037967176,0.094978124,0.095735274,0.10022184,0.03779446,0.13516079,0.2087301,0.14441693,0.15391086
../Image/Train_Image\test\起身拔节-轻旱\IMG_20230330_122216_1.jpg,9,起身拔节-轻旱,9.0,起身拔节-轻旱,11.0,起身拔节-重旱,10.0,起身拔节-适宜,8.0,起身拔节-中旱,1.0,0.0014217766,0.016017845,0.0015426653,0.00367847,0.10115522,0.10788568,0.094472095,0.035716776,0.13578537,0.20770952,0.14150463,0.1506842
../Image/Train_Image\test\起身拔节-轻旱\IMG_20230330_122219_1.jpg,9,起身拔节-轻旱,9.0,起身拔节-轻旱,11.0,起身拔节-重旱,10.0,起身拔节-适宜,8.0,起身拔节-中旱,1.0,0.0013080603,0.01688662,0.0014111755,0.003301959,0.094176486,0.10496362,0.114741005,0.028850766,0.13650452,0.19454823,0.14426155,0.15643531
../Image/Train_Image\test\起身拔节-轻旱\IMG_20230330_122319_1.jpg,9,起身拔节-轻旱,9.0,起身拔节-轻旱,11.0,起身拔节-重旱,10.0,起身拔节-适宜,6.0,抽穗开花-适宜,1.0,0.00095581065,0.017995011,0.00066515274,0.0018959391,0.050616853,0.05994379,0.14813215,0.01970138,0.14360814,0.19997334,0.17145668,0.18385918
../Image/Train_Image\test\起身拔节-轻旱\IMG_20230330_122319_2.jpg,9,起身拔节-轻旱,9.0,起身拔节-轻旱,11.0,起身拔节-重旱,10.0,起身拔节-适宜,6.0,抽穗开花-适宜,1.0,0.00078525825,0.0162004,0.0005461798,0.0016098138,0.04846751,0.060622297,0.15650621,0.017427763,0.1463137,0.19948709,0.16359064,0.18744405
../Image/Train_Image\test\起身拔节-轻旱\IMG_20230330_122324_1.jpg,9,起身拔节-轻旱,6.0,抽穗开花-适宜,8.0,起身拔节-中旱,9.0,起身拔节-轻旱,11.0,起身拔节-重旱,1.0,0.0002948276,0.0074725742,0.0002620276,0.00073247746,0.048763238,0.07965609,0.18683574,0.010114124,0.18166843,0.17699665,0.13338904,0.172693
../Image/Train_Image\test\起身拔节-轻旱\IMG_20230330_122325.jpg,9,起身拔节-轻旱,6.0,抽穗开花-适宜,9.0,起身拔节-轻旱,8.0,起身拔节-中旱,11.0,起身拔节-重旱,1.0,0.00024646788,0.0068666725,0.00022476507,0.0006422378,0.047661792,0.08176425,0.1821984,0.00916011,0.17837048,0.18024635,0.13580975,0.17599742
../Image/Train_Image\test\起身拔节-轻旱\IMG_20230330_122329_1.jpg,9,起身拔节-轻旱,8.0,起身拔节-中旱,9.0,起身拔节-轻旱,11.0,起身拔节-重旱,6.0,抽穗开花-适宜,1.0,0.00044756354,0.0073827463,0.0003722422,0.0009873395,0.051191907,0.07482759,0.16845588,0.012238346,0.1873987,0.18439184,0.13524689,0.17476326
../Image/Train_Image\test\起身拔节-轻旱\IMG_20230330_122334.jpg,9,起身拔节-轻旱,6.0,抽穗开花-适宜,8.0,起身拔节-中旱,11.0,起身拔节-重旱,9.0,起身拔节-轻旱,1.0,0.0002565751,0.0068858806,0.0002283562,0.00063113164,0.035671543,0.06717071,0.19988056,0.00817766,0.19242282,0.1829696,0.11723273,0.18745139
../Image/Train_Image\test\起身拔节-轻旱\IMG_20230330_122339.jpg,9,起身拔节-轻旱,6.0,抽穗开花-适宜,8.0,起身拔节-中旱,11.0,起身拔节-重旱,9.0,起身拔节-轻旱,1.0,0.00042270194,0.008192705,0.000286938,0.0008794872,0.037583288,0.061636385,0.19211042,0.0107404,0.18915907,0.18059482,0.1349404,0.18202616
../Image/Train_Image\test\起身拔节-轻旱\IMG_20230330_122339_1.jpg,9,起身拔节-轻旱,11.0,起身拔节-重旱,9.0,起身拔节-轻旱,8.0,起身拔节-中旱,6.0,抽穗开花-适宜,1.0,0.0003422685,0.0072173662,0.0002698175,0.000762233,0.037950836,0.06417156,0.18490145,0.01005624,0.18559945,0.18702729,0.13203086,0.18844907
../Image/Train_Image\test\起身拔节-轻旱\IMG_20230330_122347_1.jpg,9,起身拔节-轻旱,9.0,起身拔节-轻旱,11.0,起身拔节-重旱,8.0,起身拔节-中旱,6.0,抽穗开花-适宜,1.0,0.00045086324,0.008067864,0.00040816423,0.00097217027,0.051399022,0.07546526,0.16135144,0.012390935,0.17658468,0.18707441,0.1403471,0.18349735
../Image/Train_Image\test\起身拔节-适宜\IMG_20230330_102640.jpg,10,起身拔节-适宜,9.0,起身拔节-轻旱,6.0,抽穗开花-适宜,10.0,起身拔节-适宜,8.0,起身拔节-中旱,1.0,0.0005543835,0.012745733,0.0006106081,0.0017623457,0.0702049,0.11713406,0.15540251,0.019864677,0.15037844,0.17648484,0.15230958,0.14130992
../Image/Train_Image\test\起身拔节-适宜\IMG_20230330_102749.jpg,10,起身拔节-适宜,9.0,起身拔节-轻旱,11.0,起身拔节-重旱,6.0,抽穗开花-适宜,10.0,起身拔节-适宜,1.0,0.0009614243,0.025763461,0.0010681062,0.002490331,0.06728813,0.08642424,0.15548547,0.020320041,0.13418214,0.19034804,0.15379071,0.1600223
../Image/Train_Image\test\起身拔节-适宜\IMG_20230330_102808.jpg,10,起身拔节-适宜,6.0,抽穗开花-适宜,8.0,起身拔节-中旱,9.0,起身拔节-轻旱,11.0,起身拔节-重旱,0.0,8.020805e-05,0.0044906135,8.951448e-05,0.00030540815,0.04076581,0.094087996,0.23364013,0.005719717,0.18542431,0.16622326,0.119337395,0.14965308
../Image/Train_Image\test\起身拔节-适宜\IMG_20230330_102810.jpg,10,起身拔节-适宜,6.0,抽穗开花-适宜,8.0,起身拔节-中旱,9.0,起身拔节-轻旱,11.0,起身拔节-重旱,0.0,6.509802e-05,0.003611597,8.425302e-05,0.0002577627,0.0462172,0.108670995,0.22091068,0.0053880936,0.19080558,0.15926312,0.11301483,0.15154977
../Image/Train_Image\test\起身拔节-适宜\IMG_20230330_102842_1.jpg,10,起身拔节-适宜,9.0,起身拔节-轻旱,4.0,抽穗开花-中旱,10.0,起身拔节-适宜,5.0,抽穗开花-轻旱,1.0,0.0022664152,0.036926758,0.003636423,0.007688461,0.15847814,0.12634777,0.064582914,0.06509366,0.09225798,0.17505467,0.15202633,0.114861585
../Image/Train_Image\test\起身拔节-适宜\IMG_20230330_102842_2.jpg,10,起身拔节-适宜,9.0,起身拔节-轻旱,10.0,起身拔节-适宜,4.0,抽穗开花-中旱,5.0,抽穗开花-轻旱,1.0,0.0020160296,0.03479441,0.0030843117,0.0067368913,0.14587694,0.122638784,0.06914555,0.060264688,0.09639854,0.18187343,0.15599841,0.120458536
../Image/Train_Image\test\起身拔节-适宜\IMG_20230330_103231.jpg,10,起身拔节-适宜,9.0,起身拔节-轻旱,11.0,起身拔节-重旱,10.0,起身拔节-适宜,6.0,抽穗开花-适宜,1.0,0.00079837535,0.017134758,0.00072074804,0.0016896368,0.04773912,0.067294255,0.15892397,0.019115042,0.14861807,0.19950669,0.16799587,0.16862588
../Image/Train_Image\test\起身拔节-适宜\IMG_20230330_103316.jpg,10,起身拔节-适宜,10.0,起身拔节-适宜,9.0,起身拔节-轻旱,11.0,起身拔节-重旱,8.0,起身拔节-中旱,1.0,0.004171839,0.044353995,0.0032494003,0.009619689,0.087953754,0.072425485,0.08103592,0.07677326,0.09804608,0.18485503,0.18560791,0.15078266
../Image/Train_Image\test\起身拔节-适宜\IMG_20230330_103327.jpg,10,起身拔节-适宜,9.0,起身拔节-轻旱,10.0,起身拔节-适宜,11.0,起身拔节-重旱,8.0,起身拔节-中旱,1.0,0.004257324,0.06449347,0.003116558,0.009062228,0.077052586,0.06767991,0.06978716,0.073454216,0.08909466,0.19910565,0.18752524,0.15457183
../Image/Train_Image\test\起身拔节-适宜\IMG_20230330_103407.jpg,10,起身拔节-适宜,8.0,起身拔节-中旱,11.0,起身拔节-重旱,6.0,抽穗开花-适宜,9.0,起身拔节-轻旱,0.0,0.0002138049,0.0050977403,0.00020896667,0.00062348775,0.047373842,0.08461844,0.17637458,0.00965245,0.18982981,0.17379522,0.12956347,0.18172133
../Image/Train_Image\test\起身拔节-适宜\IMG_20230330_103418_4.jpg,10,起身拔节-适宜,6.0,抽穗开花-适宜,8.0,起身拔节-中旱,11.0,起身拔节-重旱,9.0,起身拔节-轻旱,0.0,0.0002800848,0.0060132486,0.00026511675,0.0007148094,0.04485359,0.083276756,0.20904192,0.009422756,0.20680028,0.14745153,0.116078146,0.17345181
../Image/Train_Image\test\起身拔节-适宜\IMG_20230330_103429.jpg,10,起身拔节-适宜,6.0,抽穗开花-适宜,8.0,起身拔节-中旱,9.0,起身拔节-轻旱,11.0,起身拔节-重旱,0.0,0.0001239339,0.004289073,0.00011005616,0.00044386528,0.037075125,0.08966915,0.21516235,0.0068071345,0.19027184,0.16313055,0.13139473,0.1611524
../Image/Train_Image\test\起身拔节-适宜\IMG_20230330_103640_1.jpg,10,起身拔节-适宜,4.0,抽穗开花-中旱,5.0,抽穗开花-轻旱,9.0,起身拔节-轻旱,10.0,起身拔节-适宜,1.0,0.000884921,0.014913993,0.0017448743,0.0038147043,0.19403,0.1742041,0.05994266,0.040919427,0.09611899,0.1555202,0.14837804,0.10912659
../Image/Train_Image\test\起身拔节-适宜\IMG_20230330_103641.jpg,10,起身拔节-适宜,4.0,抽穗开花-中旱,5.0,抽穗开花-轻旱,9.0,起身拔节-轻旱,10.0,起身拔节-适宜,1.0,0.0012359156,0.017353408,0.0024691408,0.0052577886,0.2115308,0.16551326,0.05394676,0.05203821,0.09588038,0.14793843,0.1409009,0.10537804
../Image/Train_Image\test\起身拔节-适宜\IMG_20230330_103645_1.jpg,10,起身拔节-适宜,9.0,起身拔节-轻旱,10.0,起身拔节-适宜,5.0,抽穗开花-轻旱,4.0,抽穗开花-中旱,1.0,0.0006723571,0.01593825,0.0012783223,0.0025779586,0.14635688,0.15154287,0.08004879,0.030914877,0.106478214,0.1791257,0.15561923,0.12913905
../Image/Train_Image\test\起身拔节-适宜\IMG_20230330_105628_1.jpg,10,起身拔节-适宜,6.0,抽穗开花-适宜,9.0,起身拔节-轻旱,8.0,起身拔节-中旱,11.0,起身拔节-重旱,0.0,0.00020947325,0.0075680586,0.00026044532,0.0006608873,0.059633702,0.103362374,0.18608885,0.008968113,0.17196377,0.17728515,0.12803024,0.15532804
../Image/Train_Image\test\起身拔节-适宜\IMG_20230330_105632_1.jpg,10,起身拔节-适宜,9.0,起身拔节-轻旱,8.0,起身拔节-中旱,6.0,抽穗开花-适宜,11.0,起身拔节-重旱,0.0,0.00026077885,0.008278581,0.00033279235,0.00084916817,0.0695683,0.12485863,0.1587382,0.009887172,0.164301,0.18063273,0.12538102,0.15590252
../Image/Train_Image\test\起身拔节-适宜\IMG_20230330_105633.jpg,10,起身拔节-适宜,9.0,起身拔节-轻旱,8.0,起身拔节-中旱,6.0,抽穗开花-适宜,11.0,起身拔节-重旱,0.0,0.00023937074,0.0075980728,0.000300466,0.00077733723,0.064810485,0.109528504,0.16808204,0.010013992,0.17267244,0.18051602,0.13002168,0.15468548
../Image/Train_Image\test\起身拔节-适宜\IMG_20230330_105656_2.jpg,10,起身拔节-适宜,9.0,起身拔节-轻旱,10.0,起身拔节-适宜,11.0,起身拔节-重旱,4.0,抽穗开花-中旱,1.0,0.00239803,0.034379147,0.0029270973,0.006455211,0.124539815,0.110161625,0.100114845,0.04753462,0.098029405,0.18783084,0.15813021,0.12613638
../Image/Train_Image\test\起身拔节-适宜\IMG_20230330_105701_1.jpg,10,起身拔节-适宜,9.0,起身拔节-轻旱,6.0,抽穗开花-适宜,11.0,起身拔节-重旱,10.0,起身拔节-适宜,1.0,0.00065422535,0.016442064,0.00055754575,0.0014621768,0.051278044,0.06738283,0.18241923,0.016047725,0.14929289,0.19693848,0.15043697,0.16597806
../Image/Train_Image\test\起身拔节-适宜\IMG_20230330_105702.jpg,10,起身拔节-适宜,9.0,起身拔节-轻旱,6.0,抽穗开花-适宜,11.0,起身拔节-重旱,10.0,起身拔节-适宜,1.0,0.0006433225,0.016302414,0.0005503471,0.0014428496,0.048704095,0.06731948,0.17768574,0.016051935,0.14918314,0.19822107,0.15267344,0.17014289
../Image/Train_Image\test\起身拔节-适宜\IMG_20230330_105712_1.jpg,10,起身拔节-适宜,8.0,起身拔节-中旱,9.0,起身拔节-轻旱,6.0,抽穗开花-适宜,11.0,起身拔节-重旱,0.0,0.00020259473,0.0064702434,0.00021406231,0.00060472114,0.049698602,0.09187423,0.1750427,0.008835926,0.18724404,0.18721583,0.1256324,0.16646859
../Image/Train_Image\test\起身拔节-适宜\IMG_20230330_105748_1.jpg,10,起身拔节-适宜,9.0,起身拔节-轻旱,10.0,起身拔节-适宜,6.0,抽穗开花-适宜,11.0,起身拔节-重旱,1.0,0.0009802659,0.025420537,0.00081542187,0.002359024,0.045283746,0.06017319,0.17141159,0.021167748,0.1314054,0.1929025,0.17794247,0.1688705
../Image/Train_Image\test\起身拔节-适宜\IMG_20230330_105749.jpg,10,起身拔节-适宜,9.0,起身拔节-轻旱,10.0,起身拔节-适宜,11.0,起身拔节-重旱,6.0,抽穗开花-适宜,1.0,0.0010555165,0.024547629,0.0008318583,0.0024806429,0.047128323,0.061465688,0.16747445,0.022194853,0.13470252,0.19264081,0.17540614,0.16866215
../Image/Train_Image\test\起身拔节-适宜\IMG_20230330_105752.jpg,10,起身拔节-适宜,9.0,起身拔节-轻旱,6.0,抽穗开花-适宜,11.0,起身拔节-重旱,10.0,起身拔节-适宜,1.0,0.00054480374,0.016102158,0.0004911517,0.0013841395,0.042860046,0.06785438,0.18144251,0.014370974,0.14088963,0.19534805,0.1646719,0.17312855
../Image/Train_Image\test\起身拔节-适宜\IMG_20230330_105753.jpg,10,起身拔节-适宜,9.0,起身拔节-轻旱,10.0,起身拔节-适宜,11.0,起身拔节-重旱,6.0,抽穗开花-适宜,1.0,0.0011386949,0.023500597,0.0008467161,0.0025170215,0.043315332,0.058995366,0.16774769,0.022302562,0.12889387,0.19153348,0.17897633,0.17874417
../Image/Train_Image\test\起身拔节-适宜\IMG_20230330_105756.jpg,10,起身拔节-适宜,9.0,起身拔节-轻旱,10.0,起身拔节-适宜,11.0,起身拔节-重旱,6.0,抽穗开花-适宜,1.0,0.0013791198,0.031731296,0.0012759949,0.0034808775,0.067721255,0.07386851,0.13950287,0.03060493,0.11623453,0.19695996,0.1781521,0.157797
../Image/Train_Image\test\起身拔节-适宜\IMG_20230330_105756_1.jpg,10,起身拔节-适宜,9.0,起身拔节-轻旱,10.0,起身拔节-适宜,11.0,起身拔节-重旱,6.0,抽穗开花-适宜,1.0,0.0011415622,0.0278779,0.0010476754,0.002878666,0.06563498,0.0756493,0.14320941,0.028258212,0.11750699,0.19778056,0.17910722,0.15887024
../Image/Train_Image\test\起身拔节-适宜\IMG_20230330_105800.jpg,10,起身拔节-适宜,9.0,起身拔节-轻旱,10.0,起身拔节-适宜,6.0,抽穗开花-适宜,11.0,起身拔节-重旱,1.0,0.0008940553,0.02441418,0.0009240002,0.002596509,0.06031721,0.077041596,0.16274002,0.023656718,0.12797582,0.18842109,0.16937526,0.16064335
../Image/Train_Image\test\起身拔节-适宜\IMG_20230330_105800_1.jpg,10,起身拔节-适宜,9.0,起身拔节-轻旱,6.0,抽穗开花-适宜,11.0,起身拔节-重旱,10.0,起身拔节-适宜,1.0,0.0004939787,0.014599782,0.00050846353,0.0014437633,0.056053706,0.08230872,0.16610414,0.016674,0.14368042,0.19578962,0.15827307,0.1634505
../Image/Train_Image\test\起身拔节-适宜\IMG_20230330_105803_1.jpg,10,起身拔节-适宜,9.0,起身拔节-轻旱,6.0,抽穗开花-适宜,11.0,起身拔节-重旱,8.0,起身拔节-中旱,0.0,0.00021983325,0.007356037,0.00023196111,0.0007022826,0.047364175,0.08562202,0.1797792,0.009981738,0.16089244,0.19472033,0.13995491,0.17278993
../Image/Train_Image\test\起身拔节-适宜\IMG_20230330_105808_2.jpg,10,起身拔节-适宜,9.0,起身拔节-轻旱,10.0,起身拔节-适宜,6.0,抽穗开花-适宜,11.0,起身拔节-重旱,1.0,0.000775665,0.020741012,0.0006306481,0.0020508952,0.052040458,0.06848625,0.1734295,0.021021735,0.12966274,0.19266553,0.17346472,0.16425158
../Image/Train_Image\test\起身拔节-适宜\IMG_20230330_105855_2.jpg,10,起身拔节-适宜,9.0,起身拔节-轻旱,8.0,起身拔节-中旱,11.0,起身拔节-重旱,10.0,起身拔节-适宜,1.0,0.00039916136,0.0078039137,0.00040331847,0.0010759309,0.06745534,0.09690806,0.1309564,0.016930839,0.17367959,0.1878585,0.14393395,0.17152573
../Image/Train_Image\test\起身拔节-适宜\IMG_20230330_105856.jpg,10,起身拔节-适宜,9.0,起身拔节-轻旱,11.0,起身拔节-重旱,8.0,起身拔节-中旱,10.0,起身拔节-适宜,1.0,0.00035325126,0.007046084,0.0003539392,0.00095495576,0.06548575,0.09502984,0.1330224,0.015809016,0.17253956,0.18916377,0.14243497,0.1768687
../Image/Train_Image\test\起身拔节-适宜\IMG_20230330_105900.jpg,10,起身拔节-适宜,9.0,起身拔节-轻旱,11.0,起身拔节-重旱,8.0,起身拔节-中旱,10.0,起身拔节-适宜,1.0,0.00058987073,0.0094605675,0.00059937756,0.0015726114,0.07309706,0.10073426,0.13380933,0.018889593,0.1604908,0.18733007,0.14543965,0.16607796
../Image/Train_Image\test\起身拔节-适宜\IMG_20230330_105900_1.jpg,10,起身拔节-适宜,9.0,起身拔节-轻旱,11.0,起身拔节-重旱,8.0,起身拔节-中旱,10.0,起身拔节-适宜,1.0,0.00065778213,0.010168215,0.00072074455,0.0017697322,0.079288796,0.107502535,0.13030405,0.020916738,0.15610455,0.18236536,0.14768763,0.1602749
../Image/Train_Image\test\起身拔节-适宜\IMG_20230330_105904_1.jpg,10,起身拔节-适宜,9.0,起身拔节-轻旱,8.0,起身拔节-中旱,10.0,起身拔节-适宜,5.0,抽穗开花-轻旱,1.0,0.00025689858,0.0062195375,0.00034034697,0.0009180308,0.08808336,0.13533518,0.12441448,0.018128572,0.16250789,0.17874078,0.14948544,0.13497287
../Image/Train_Image\test\起身拔节-适宜\IMG_20230330_105905.jpg,10,起身拔节-适宜,9.0,起身拔节-轻旱,8.0,起身拔节-中旱,10.0,起身拔节-适宜,11.0,起身拔节-重旱,1.0,0.00022936445,0.0060770805,0.00029607004,0.00082799833,0.08160727,0.12775481,0.12586476,0.01627861,0.15537806,0.1874925,0.15349492,0.14423653
../Image/Train_Image\test\起身拔节-适宜\IMG_20230330_105909_1.jpg,10,起身拔节-适宜,9.0,起身拔节-轻旱,8.0,起身拔节-中旱,11.0,起身拔节-重旱,6.0,抽穗开花-适宜,0.0,0.00015170021,0.0050246324,0.00018084042,0.0005645274,0.057061482,0.10407463,0.15088366,0.010169938,0.1759469,0.17889433,0.14086898,0.17581622
../Image/Train_Image\test\起身拔节-适宜\IMG_20230330_105910.jpg,10,起身拔节-适宜,8.0,起身拔节-中旱,11.0,起身拔节-重旱,9.0,起身拔节-轻旱,6.0,抽穗开花-适宜,0.0,0.00013427464,0.004457683,0.00015920938,0.00049150904,0.054611597,0.09919647,0.14497755,0.009695557,0.1890121,0.17910911,0.13660996,0.18121365
../Image/Train_Image\test\起身拔节-适宜\IMG_20230330_105913_1.jpg,10,起身拔节-适宜,9.0,起身拔节-轻旱,11.0,起身拔节-重旱,8.0,起身拔节-中旱,6.0,抽穗开花-适宜,0.0,0.00023728235,0.0065556727,0.00031233038,0.00085178454,0.07137876,0.11040628,0.14806408,0.011381935,0.16444999,0.1795232,0.13747913,0.1686421
../Image/Train_Image\test\起身拔节-适宜\IMG_20230330_105913_2.jpg,10,起身拔节-适宜,9.0,起身拔节-轻旱,11.0,起身拔节-重旱,8.0,起身拔节-中旱,6.0,抽穗开花-适宜,0.0,0.00023042806,0.0066401237,0.0003082964,0.00081235036,0.0697967,0.109163485,0.14881416,0.0111739375,0.16471533,0.18026823,0.13789295,0.16949141
../Image/Train_Image\test\起身拔节-适宜\IMG_20230330_105930.jpg,10,起身拔节-适宜,8.0,起身拔节-中旱,6.0,抽穗开花-适宜,11.0,起身拔节-重旱,9.0,起身拔节-轻旱,0.0,7.554275e-05,0.0027800659,0.00010159195,0.00027024045,0.05196327,0.10446476,0.20464699,0.004989746,0.21939552,0.14564386,0.101937555,0.1632164
../Image/Train_Image\test\起身拔节-适宜\IMG_20230330_105930_1.jpg,10,起身拔节-适宜,8.0,起身拔节-中旱,6.0,抽穗开花-适宜,11.0,起身拔节-重旱,9.0,起身拔节-轻旱,0.0,9.111923e-05,0.0030030648,0.00012664685,0.0003262758,0.056221906,0.11264931,0.19345248,0.005485831,0.21582069,0.14984618,0.09890711,0.16332753
../Image/Train_Image\test\起身拔节-适宜\IMG_20230330_105937.jpg,10,起身拔节-适宜,8.0,起身拔节-中旱,6.0,抽穗开花-适宜,9.0,起身拔节-轻旱,5.0,抽穗开花-轻旱,0.0,7.302886e-05,0.0023204044,0.00011398458,0.0003260958,0.06551327,0.14837945,0.16099635,0.0060852626,0.20754515,0.15338077,0.11064937,0.14419526
../Image/Train_Image\test\起身拔节-适宜\IMG_20230330_105937_1.jpg,10,起身拔节-适宜,8.0,起身拔节-中旱,6.0,抽穗开花-适宜,9.0,起身拔节-轻旱,11.0,起身拔节-重旱,0.0,8.177846e-05,0.0023555132,0.00011952936,0.0003575544,0.06547371,0.14490433,0.15670836,0.0064686327,0.21011876,0.15425323,0.111433394,0.14731276
../Image/Train_Image\test\起身拔节-适宜\IMG_20230330_110111.jpg,10,起身拔节-适宜,9.0,起身拔节-轻旱,8.0,起身拔节-中旱,6.0,抽穗开花-适宜,11.0,起身拔节-重旱,0.0,0.00028359963,0.008619627,0.00040121804,0.0010192941,0.0728677,0.11454681,0.15615135,0.012734185,0.16043028,0.18945955,0.12742211,0.15525728
../Image/Train_Image\test\起身拔节-适宜\IMG_20230330_110111_1.jpg,10,起身拔节-适宜,9.0,起身拔节-轻旱,8.0,起身拔节-中旱,6.0,抽穗开花-适宜,11.0,起身拔节-重旱,0.0,0.0002656898,0.008043198,0.0004174911,0.0010489996,0.082593836,0.13254917,0.14500633,0.013366617,0.15972936,0.18131132,0.13100654,0.14384797
../Image/Train_Image\test\起身拔节-适宜\IMG_20230330_110114.jpg,10,起身拔节-适宜,9.0,起身拔节-轻旱,8.0,起身拔节-中旱,6.0,抽穗开花-适宜,11.0,起身拔节-重旱,0.0,0.0002293739,0.0069466853,0.00033893637,0.00094854715,0.08003135,0.12761961,0.1572478,0.012623623,0.16775443,0.16984262,0.13319267,0.14253801
../Image/Train_Image\test\起身拔节-适宜\IMG_20230330_110114_1.jpg,10,起身拔节-适宜,9.0,起身拔节-轻旱,8.0,起身拔节-中旱,6.0,抽穗开花-适宜,11.0,起身拔节-重旱,0.0,0.00029146738,0.007904776,0.00042301678,0.0011321341,0.08951986,0.1305852,0.14438428,0.014861142,0.15980116,0.17277108,0.13462819,0.14292319
../Image/Train_Image\test\起身拔节-重旱\IMG_20230331_105401.jpg,11,起身拔节-重旱,9.0,起身拔节-轻旱,8.0,起身拔节-中旱,11.0,起身拔节-重旱,6.0,抽穗开花-适宜,1.0,0.0005506633,0.011136868,0.0005746811,0.0016057825,0.069743566,0.1032256,0.14610413,0.017964559,0.1629168,0.18433711,0.14362967,0.15641788
../Image/Train_Image\test\起身拔节-重旱\IMG_20230331_105401_1.jpg,11,起身拔节-重旱,9.0,起身拔节-轻旱,6.0,抽穗开花-适宜,11.0,起身拔节-重旱,10.0,起身拔节-适宜,1.0,0.0007449212,0.014310367,0.0007377115,0.0019433155,0.0702516,0.09226335,0.15553643,0.019413788,0.149464,0.18642011,0.15163352,0.15507181
../Image/Train_Image\test\起身拔节-重旱\IMG_20230331_105404_1.jpg,11,起身拔节-重旱,9.0,起身拔节-轻旱,11.0,起身拔节-重旱,10.0,起身拔节-适宜,6.0,抽穗开花-适宜,1.0,0.0014630094,0.027122008,0.001508658,0.003185423,0.078108065,0.080380626,0.14294918,0.025443535,0.123935156,0.19477701,0.15518066,0.16398288
../Image/Train_Image\test\起身拔节-重旱\IMG_20230331_105405.jpg,11,起身拔节-重旱,9.0,起身拔节-轻旱,11.0,起身拔节-重旱,6.0,抽穗开花-适宜,10.0,起身拔节-适宜,1.0,0.0010580515,0.021638269,0.0010299332,0.0022767896,0.06686645,0.0718302,0.16126567,0.02038386,0.13377824,0.19522922,0.16027415,0.1628613
../Image/Train_Image\test\起身拔节-重旱\IMG_20230331_105413.jpg,11,起身拔节-重旱,9.0,起身拔节-轻旱,11.0,起身拔节-重旱,8.0,起身拔节-中旱,6.0,抽穗开花-适宜,1.0,0.00024134651,0.006102496,0.0002789617,0.00073319953,0.06942711,0.10628756,0.13600546,0.013918089,0.17062894,0.18588431,0.13122322,0.1787528
../Image/Train_Image\test\起身拔节-重旱\IMG_20230331_105417.jpg,11,起身拔节-重旱,8.0,起身拔节-中旱,6.0,抽穗开花-适宜,9.0,起身拔节-轻旱,11.0,起身拔节-重旱,1.0,0.00016771017,0.005994591,0.00019501001,0.0005533219,0.051184922,0.09742906,0.17875639,0.0089453915,0.18152533,0.1740532,0.13077623,0.16987947
../Image/Train_Image\test\起身拔节-重旱\IMG_20230331_105419_3.jpg,11,起身拔节-重旱,9.0,起身拔节-轻旱,11.0,起身拔节-重旱,8.0,起身拔节-中旱,6.0,抽穗开花-适宜,1.0,0.00028669016,0.008879364,0.00032051696,0.00086544454,0.05422561,0.09354248,0.16600364,0.011484373,0.16624413,0.19276953,0.13312842,0.17144328
../Image/Train_Image\test\起身拔节-重旱\IMG_20230331_105420.jpg,11,起身拔节-重旱,9.0,起身拔节-轻旱,11.0,起身拔节-重旱,8.0,起身拔节-中旱,6.0,抽穗开花-适宜,1.0,0.000291978,0.009179407,0.00032307167,0.00088750554,0.054716676,0.090950266,0.1638695,0.011638714,0.16541909,0.19598757,0.13469617,0.17123513
../Image/Train_Image\test\起身拔节-重旱\IMG_20230331_105520.jpg,11,起身拔节-重旱,8.0,起身拔节-中旱,11.0,起身拔节-重旱,6.0,抽穗开花-适宜,9.0,起身拔节-轻旱,1.0,0.0002857617,0.0045626303,0.0003247668,0.0007495543,0.06059723,0.112706915,0.16860841,0.008596729,0.20477349,0.1582554,0.10170973,0.17587128
../Image/Train_Image\test\起身拔节-重旱\IMG_20230331_105525.jpg,11,起身拔节-重旱,8.0,起身拔节-中旱,6.0,抽穗开花-适宜,11.0,起身拔节-重旱,9.0,起身拔节-轻旱,1.0,0.0002487178,0.004713845,0.0003460656,0.0007929324,0.072075106,0.13430366,0.171894,0.008247363,0.20680895,0.14749753,0.0934887,0.15628634
../Image/Train_Image\test\起身拔节-重旱\IMG_20230331_105525_1.jpg,11,起身拔节-重旱,8.0,起身拔节-中旱,6.0,抽穗开花-适宜,11.0,起身拔节-重旱,9.0,起身拔节-轻旱,1.0,0.00031325527,0.005395078,0.00039929972,0.00088323466,0.06564228,0.12046688,0.18360898,0.008810731,0.20604846,0.14880258,0.09590783,0.15898779
../Image/Train_Image\test\起身拔节-重旱\IMG_20230331_105528_1.jpg,11,起身拔节-重旱,8.0,起身拔节-中旱,6.0,抽穗开花-适宜,11.0,起身拔节-重旱,9.0,起身拔节-轻旱,1.0,0.00034109864,0.0055855624,0.00039354395,0.00089542766,0.06163177,0.11144427,0.19230537,0.008938945,0.20891698,0.14628662,0.09584859,0.1622617
../Image/Train_Image\test\起身拔节-重旱\IMG_20230331_105528_2.jpg,11,起身拔节-重旱,8.0,起身拔节-中旱,6.0,抽穗开花-适宜,11.0,起身拔节-重旱,9.0,起身拔节-轻旱,1.0,0.00030988344,0.0051879515,0.00037102663,0.00084668613,0.062609434,0.11629534,0.18695596,0.008922465,0.20937754,0.14592506,0.096804716,0.16203423
../Image/Train_Image\test\起身拔节-重旱\IMG_20230331_105557_2.jpg,11,起身拔节-重旱,8.0,起身拔节-中旱,6.0,抽穗开花-适宜,11.0,起身拔节-重旱,9.0,起身拔节-轻旱,1.0,0.00023132004,0.0057192515,0.00026735954,0.00065347826,0.05401507,0.10268566,0.20016487,0.0070230206,0.20166785,0.15540628,0.10427238,0.16575651
../Image/Train_Image\test\起身拔节-重旱\IMG_20230331_105558.jpg,11,起身拔节-重旱,6.0,抽穗开花-适宜,8.0,起身拔节-中旱,11.0,起身拔节-重旱,9.0,起身拔节-轻旱,1.0,0.00019820238,0.0051669506,0.00021851306,0.0005518224,0.048199575,0.09816607,0.21042572,0.006572271,0.19923562,0.15490848,0.104275435,0.17053606
../Image/Train_Image\test\起身拔节-重旱\IMG_20230331_105605.jpg,11,起身拔节-重旱,8.0,起身拔节-中旱,11.0,起身拔节-重旱,6.0,抽穗开花-适宜,9.0,起身拔节-轻旱,1.0,0.00027169185,0.004844951,0.00031548575,0.0007182327,0.06319903,0.11920739,0.16676216,0.008396784,0.20302434,0.15909491,0.100663,0.17049211
../Image/Train_Image\test\起身拔节-重旱\IMG_20230331_105605_1.jpg,11,起身拔节-重旱,8.0,起身拔节-中旱,6.0,抽穗开花-适宜,11.0,起身拔节-重旱,9.0,起身拔节-轻旱,1.0,0.00027949162,0.005066798,0.00027999037,0.0006796422,0.052780334,0.09753128,0.17963009,0.0079453,0.20885698,0.16065429,0.10687971,0.17666464
../Image/Train_Image\test\起身拔节-重旱\IMG_20230331_105609.jpg,11,起身拔节-重旱,8.0,起身拔节-中旱,6.0,抽穗开花-适宜,11.0,起身拔节-重旱,9.0,起身拔节-轻旱,1.0,0.00043980754,0.0066203508,0.0003936747,0.0009467045,0.05434836,0.09361378,0.17495295,0.0107294945,0.19559953,0.16680345,0.117512085,0.17369398
../Image/Train_Image\test\起身拔节-重旱\IMG_20230331_105721_1.jpg,11,起身拔节-重旱,11.0,起身拔节-重旱,9.0,起身拔节-轻旱,10.0,起身拔节-适宜,8.0,起身拔节-中旱,1.0,0.0017087366,0.024803948,0.0012486114,0.0032389588,0.0505281,0.058069374,0.13917384,0.026555888,0.14232962,0.18307845,0.1637612,0.20048411
../Image/Train_Image\test\起身拔节-重旱\IMG_20230331_105722.jpg,11,起身拔节-重旱,11.0,起身拔节-重旱,9.0,起身拔节-轻旱,10.0,起身拔节-适宜,8.0,起身拔节-中旱,1.0,0.0018167507,0.026041219,0.001353272,0.003395447,0.05151443,0.059077587,0.1331659,0.027656013,0.13897057,0.1866045,0.16647914,0.19900541
../Image/Train_Image\test\起身拔节-重旱\IMG_20230331_105725_1.jpg,11,起身拔节-重旱,11.0,起身拔节-重旱,9.0,起身拔节-轻旱,10.0,起身拔节-适宜,6.0,抽穗开花-适宜,1.0,0.0011463722,0.02153373,0.00090235187,0.0021912192,0.042749044,0.057954736,0.16050555,0.017393336,0.15492994,0.18671995,0.16075312,0.18950234
../Image/Train_Image\test\起身拔节-重旱\IMG_20230331_105726.jpg,11,起身拔节-重旱,9.0,起身拔节-轻旱,11.0,起身拔节-重旱,10.0,起身拔节-适宜,6.0,抽穗开花-适宜,1.0,0.0014899272,0.025830962,0.0011367997,0.0027299214,0.04487334,0.0565122,0.15060624,0.020565525,0.14437944,0.19329411,0.16529696,0.18948857
../Image/Train_Image\test\起身拔节-重旱\IMG_20230331_105728_3.jpg,11,起身拔节-重旱,11.0,起身拔节-重旱,9.0,起身拔节-轻旱,10.0,起身拔节-适宜,6.0,抽穗开花-适宜,1.0,0.0014135233,0.024481852,0.0011223691,0.0025976864,0.0462016,0.057965375,0.15315424,0.020204322,0.14170058,0.18759248,0.16292535,0.19678918
../Image/Train_Image\test\起身拔节-重旱\IMG_20230331_105729.jpg,11,起身拔节-重旱,11.0,起身拔节-重旱,9.0,起身拔节-轻旱,10.0,起身拔节-适宜,8.0,起身拔节-中旱,1.0,0.0019096417,0.024863588,0.0013456851,0.003441245,0.052269895,0.05912695,0.13465929,0.02871681,0.14487424,0.18827493,0.16144419,0.19435908
../Image/Train_Image\test\起身拔节-重旱\IMG_20230331_105732.jpg,11,起身拔节-重旱,9.0,起身拔节-轻旱,11.0,起身拔节-重旱,10.0,起身拔节-适宜,8.0,起身拔节-中旱,1.0,0.0015771268,0.028932326,0.001807728,0.0039255903,0.09053592,0.09067243,0.09419086,0.033798486,0.117070824,0.20320618,0.1615437,0.17075486
../Image/Train_Image\test\起身拔节-重旱\IMG_20230331_105733.jpg,11,起身拔节-重旱,9.0,起身拔节-轻旱,11.0,起身拔节-重旱,10.0,起身拔节-适宜,8.0,起身拔节-中旱,1.0,0.00056953536,0.015667982,0.0006640787,0.0015792329,0.068199284,0.08643581,0.121655494,0.018404985,0.14467698,0.20432419,0.14852147,0.18836156
../Image/Train_Image\test\起身拔节-重旱\IMG_20230331_105736_1.jpg,11,起身拔节-重旱,9.0,起身拔节-轻旱,11.0,起身拔节-重旱,8.0,起身拔节-中旱,10.0,起身拔节-适宜,1.0,0.00031804357,0.009845361,0.0003996603,0.0010384308,0.064273514,0.10211876,0.13539173,0.014064227,0.15247856,0.19325693,0.14144212,0.18465607
../Image/Train_Image\test\起身拔节-重旱\IMG_20230331_105736_2.jpg,11,起身拔节-重旱,9.0,起身拔节-轻旱,11.0,起身拔节-重旱,8.0,起身拔节-中旱,10.0,起身拔节-适宜,1.0,0.00032751667,0.009806492,0.00037715494,0.0009922093,0.060403697,0.09547828,0.13120718,0.014058222,0.15479325,0.19490223,0.14473602,0.19219299
../Image/Train_Image\test\起身拔节-重旱\IMG_20230331_105740.jpg,11,起身拔节-重旱,11.0,起身拔节-重旱,9.0,起身拔节-轻旱,8.0,起身拔节-中旱,10.0,起身拔节-适宜,1.0,0.00040624614,0.009863862,0.00041655655,0.0011667481,0.05915671,0.086979195,0.13799822,0.015702482,0.1717725,0.17771427,0.14584887,0.19200583
../Image/Train_Image\test\起身拔节-重旱\IMG_20230331_105740_1.jpg,11,起身拔节-重旱,11.0,起身拔节-重旱,9.0,起身拔节-轻旱,8.0,起身拔节-中旱,10.0,起身拔节-适宜,1.0,0.000303164,0.008950574,0.00034230886,0.00090195274,0.052100927,0.084298894,0.13592125,0.01381898,0.17387792,0.18643208,0.15257819,0.18974778
../Image/Train_Image\test\起身拔节-重旱\IMG_20230331_105743_2.jpg,11,起身拔节-重旱,9.0,起身拔节-轻旱,11.0,起身拔节-重旱,10.0,起身拔节-适宜,8.0,起身拔节-中旱,1.0,0.00096226565,0.018286595,0.0009840884,0.002388847,0.07417904,0.08759628,0.10410742,0.026558343,0.14347586,0.1935376,0.15418439,0.19208421
../Image/Train_Image\test\起身拔节-重旱\IMG_20230331_105744.jpg,11,起身拔节-重旱,9.0,起身拔节-轻旱,11.0,起身拔节-重旱,10.0,起身拔节-适宜,8.0,起身拔节-中旱,1.0,0.0009322382,0.017782351,0.00094984425,0.0023057982,0.0728753,0.08704051,0.10795012,0.025794795,0.14368479,0.19331287,0.15460046,0.19116296
../Image/Train_Image\test\起身拔节-重旱\IMG_20230331_105747.jpg,11,起身拔节-重旱,10.0,起身拔节-适宜,9.0,起身拔节-轻旱,11.0,起身拔节-重旱,8.0,起身拔节-中旱,1.0,0.0036567363,0.035537817,0.0023913782,0.0061540077,0.059126955,0.06142317,0.10483047,0.04842726,0.1176102,0.18667407,0.18966657,0.18075515
../Image/Train_Image\test\起身拔节-重旱\IMG_20230331_105747_1.jpg,11,起身拔节-重旱,10.0,起身拔节-适宜,9.0,起身拔节-轻旱,11.0,起身拔节-重旱,8.0,起身拔节-中旱,1.0,0.0045109866,0.045551553,0.003011298,0.00774854,0.055849317,0.055354908,0.10174666,0.050868697,0.11066901,0.1841681,0.19633143,0.17937419
../Image/Train_Image\test\起身拔节-重旱\IMG_20230331_105750_1.jpg,11,起身拔节-重旱,10.0,起身拔节-适宜,9.0,起身拔节-轻旱,11.0,起身拔节-重旱,6.0,抽穗开花-适宜,1.0,0.0033104233,0.040514596,0.0027954362,0.0066722617,0.06316102,0.063632056,0.11464164,0.04211843,0.11078784,0.18399294,0.18745732,0.17587462
../Image/Train_Image\test\起身拔节-重旱\IMG_20230331_105750_2.jpg,11,起身拔节-重旱,9.0,起身拔节-轻旱,10.0,起身拔节-适宜,11.0,起身拔节-重旱,6.0,抽穗开花-适宜,1.0,0.0033890207,0.053741436,0.003107179,0.007246059,0.067839526,0.06338554,0.11113989,0.04529783,0.10322179,0.18640354,0.17956369,0.17294344
../Image/Train_Image\test\起身拔节-重旱\IMG_20230331_105822_1.jpg,11,起身拔节-重旱,9.0,起身拔节-轻旱,10.0,起身拔节-适宜,4.0,抽穗开花-中旱,11.0,起身拔节-重旱,1.0,0.0060585374,0.062224615,0.00681409,0.014717094,0.1300846,0.099731244,0.07915247,0.07262781,0.087415256,0.16096842,0.15408379,0.12296658
../Image/Train_Image\test\起身拔节-重旱\IMG_20230331_105823.jpg,11,起身拔节-重旱,9.0,起身拔节-轻旱,10.0,起身拔节-适宜,11.0,起身拔节-重旱,4.0,抽穗开花-中旱,1.0,0.007846006,0.0666591,0.006225799,0.015571249,0.09971003,0.07730225,0.09102351,0.0741858,0.091847196,0.17386985,0.16251165,0.12973695
../Image/Train_Image\test\起身拔节-重旱\IMG_20230331_154641.jpg,11,起身拔节-重旱,6.0,抽穗开花-适宜,8.0,起身拔节-中旱,11.0,起身拔节-重旱,9.0,起身拔节-轻旱,1.0,0.00044491372,0.008184411,0.00035131592,0.00096916215,0.03670166,0.06491342,0.24462979,0.008336438,0.19613639,0.15239903,0.11326134,0.16883521
../Image/Train_Image\test\起身拔节-重旱\IMG_20230331_154642.jpg,11,起身拔节-重旱,6.0,抽穗开花-适宜,8.0,起身拔节-中旱,11.0,起身拔节-重旱,9.0,起身拔节-轻旱,1.0,0.0004882959,0.008408775,0.0003921677,0.0010562431,0.038595,0.06654699,0.24744336,0.008796538,0.19046924,0.15020986,0.11334099,0.16854486
../Image/Train_Image\test\起身拔节-重旱\IMG_20230331_154717_1.jpg,11,起身拔节-重旱,6.0,抽穗开花-适宜,8.0,起身拔节-中旱,11.0,起身拔节-重旱,9.0,起身拔节-轻旱,1.0,0.000600064,0.0096636545,0.0004986404,0.0013460356,0.041036975,0.07044841,0.23685837,0.0100827515,0.1874056,0.15261954,0.11584017,0.16620736
../Image/Train_Image\test\起身拔节-重旱\IMG_20230331_154718.jpg,11,起身拔节-重旱,6.0,抽穗开花-适宜,8.0,起身拔节-中旱,11.0,起身拔节-重旱,9.0,起身拔节-轻旱,1.0,0.0006528388,0.009922249,0.0005572883,0.0014173217,0.040490653,0.07157246,0.23115708,0.010378663,0.18916757,0.15396883,0.11432525,0.1672818
../Image/Train_Image\test\起身拔节-重旱\IMG_20230331_154952.jpg,11,起身拔节-重旱,9.0,起身拔节-轻旱,8.0,起身拔节-中旱,6.0,抽穗开花-适宜,11.0,起身拔节-重旱,1.0,0.0022154606,0.01481363,0.0018750451,0.0037944743,0.067414455,0.08953974,0.14673714,0.02711359,0.16453917,0.17354022,0.1358657,0.14548211
../Image/Train_Image\test\起身拔节-重旱\IMG_20230331_154952_1.jpg,11,起身拔节-重旱,9.0,起身拔节-轻旱,8.0,起身拔节-中旱,11.0,起身拔节-重旱,6.0,抽穗开花-适宜,1.0,0.0024450098,0.016637612,0.0021273296,0.0041503985,0.067170605,0.08882729,0.14027749,0.028676134,0.15913692,0.17638268,0.1376207,0.14649437
../Image/Train_Image\test\起身拔节-重旱\IMG_20230331_155110.jpg,11,起身拔节-重旱,9.0,起身拔节-轻旱,6.0,抽穗开花-适宜,11.0,起身拔节-重旱,10.0,起身拔节-适宜,1.0,0.0045354264,0.03895679,0.0036365562,0.00764398,0.06823913,0.07538889,0.14794153,0.038001016,0.13479856,0.16714181,0.13857627,0.14057489
../Image/Train_Image\test\起身拔节-重旱\IMG_20230331_155110_1.jpg,11,起身拔节-重旱,9.0,起身拔节-轻旱,6.0,抽穗开花-适宜,10.0,起身拔节-适宜,11.0,起身拔节-重旱,1.0,0.004243509,0.036646333,0.0035608038,0.00747465,0.07121704,0.07643803,0.14758863,0.03834764,0.1345709,0.16696015,0.14187802,0.13991319
../Image/Train_Image\test\起身拔节-重旱\IMG_20230331_155114.jpg,11,起身拔节-重旱,9.0,起身拔节-轻旱,6.0,抽穗开花-适宜,8.0,起身拔节-中旱,11.0,起身拔节-重旱,1.0,0.0033689437,0.0303316,0.0027254492,0.0061677685,0.0618695,0.077548,0.1579338,0.032952696,0.14571539,0.16539879,0.1380457,0.1446537
../Image/Train_Image\test\起身拔节-重旱\IMG_20230331_155114_1.jpg,11,起身拔节-重旱,9.0,起身拔节-轻旱,6.0,抽穗开花-适宜,10.0,起身拔节-适宜,11.0,起身拔节-重旱,1.0,0.0039477455,0.033983793,0.0032132063,0.0073226136,0.063452765,0.07640442,0.15178077,0.03566122,0.141774,0.16049877,0.14309227,0.14254214
../Image/Train_Image\test\起身拔节-重旱\IMG_20230331_155213_1.jpg,11,起身拔节-重旱,10.0,起身拔节-适宜,9.0,起身拔节-轻旱,11.0,起身拔节-重旱,6.0,抽穗开花-适宜,1.0,0.0062455707,0.046467483,0.004129326,0.00994799,0.05546213,0.06592267,0.13330817,0.03850771,0.11932107,0.1570564,0.16037047,0.14979768
../Image/Train_Image\test\起身拔节-重旱\IMG_20230331_155215_1.jpg,11,起身拔节-重旱,10.0,起身拔节-适宜,9.0,起身拔节-轻旱,11.0,起身拔节-重旱,6.0,抽穗开花-适宜,1.0,0.006042876,0.041357,0.0039784457,0.010065271,0.06290714,0.06995817,0.11997671,0.044834368,0.117791824,0.16055262,0.16583703,0.15577626
